"","BracketID","TotalPoints","Model","Year"
"1",1,31,"Ranger",2021
"2",2,39,"Ranger",2021
"3",3,48,"Ranger",2021
"4",4,31,"Ranger",2021
"5",5,31,"Ranger",2021
"6",6,29,"Ranger",2021
"7",7,36,"Ranger",2021
"8",8,40,"Ranger",2021
"9",9,34,"Ranger",2021
"10",10,27,"Ranger",2021
"11",11,46,"Ranger",2021
"12",12,26,"Ranger",2021
"13",13,45,"Ranger",2021
"14",14,29,"Ranger",2021
"15",15,34,"Ranger",2021
"16",16,36,"Ranger",2021
"17",17,32,"Ranger",2021
"18",18,28,"Ranger",2021
"19",19,31,"Ranger",2021
"20",20,36,"Ranger",2021
"21",21,37,"Ranger",2021
"22",22,35,"Ranger",2021
"23",23,27,"Ranger",2021
"24",24,46,"Ranger",2021
"25",25,26,"Ranger",2021
"26",26,34,"Ranger",2021
"27",27,39,"Ranger",2021
"28",28,32,"Ranger",2021
"29",29,33,"Ranger",2021
"30",30,33,"Ranger",2021
"31",31,34,"Ranger",2021
"32",32,40,"Ranger",2021
"33",33,27,"Ranger",2021
"34",34,37,"Ranger",2021
"35",35,25,"Ranger",2021
"36",36,49,"Ranger",2021
"37",37,32,"Ranger",2021
"38",38,34,"Ranger",2021
"39",39,34,"Ranger",2021
"40",40,32,"Ranger",2021
"41",41,31,"Ranger",2021
"42",42,32,"Ranger",2021
"43",43,39,"Ranger",2021
"44",44,24,"Ranger",2021
"45",45,30,"Ranger",2021
"46",46,39,"Ranger",2021
"47",47,31,"Ranger",2021
"48",48,33,"Ranger",2021
"49",49,43,"Ranger",2021
"50",50,36,"Ranger",2021
"51",51,35,"Ranger",2021
"52",52,20,"Ranger",2021
"53",53,26,"Ranger",2021
"54",54,21,"Ranger",2021
"55",55,42,"Ranger",2021
"56",56,27,"Ranger",2021
"57",57,33,"Ranger",2021
"58",58,30,"Ranger",2021
"59",59,33,"Ranger",2021
"60",60,25,"Ranger",2021
"61",61,22,"Ranger",2021
"62",62,41,"Ranger",2021
"63",63,37,"Ranger",2021
"64",64,35,"Ranger",2021
"65",65,34,"Ranger",2021
"66",66,34,"Ranger",2021
"67",67,43,"Ranger",2021
"68",68,38,"Ranger",2021
"69",69,29,"Ranger",2021
"70",70,35,"Ranger",2021
"71",71,34,"Ranger",2021
"72",72,30,"Ranger",2021
"73",73,38,"Ranger",2021
"74",74,40,"Ranger",2021
"75",75,32,"Ranger",2021
"76",76,30,"Ranger",2021
"77",77,43,"Ranger",2021
"78",78,34,"Ranger",2021
"79",79,29,"Ranger",2021
"80",80,37,"Ranger",2021
"81",81,32,"Ranger",2021
"82",82,28,"Ranger",2021
"83",83,33,"Ranger",2021
"84",84,35,"Ranger",2021
"85",85,28,"Ranger",2021
"86",86,27,"Ranger",2021
"87",87,28,"Ranger",2021
"88",88,37,"Ranger",2021
"89",89,35,"Ranger",2021
"90",90,27,"Ranger",2021
"91",91,36,"Ranger",2021
"92",92,32,"Ranger",2021
"93",93,46,"Ranger",2021
"94",94,41,"Ranger",2021
"95",95,30,"Ranger",2021
"96",96,34,"Ranger",2021
"97",97,25,"Ranger",2021
"98",98,33,"Ranger",2021
"99",99,27,"Ranger",2021
"100",100,35,"Ranger",2021
"101",1,38,"Logistic",2021
"102",2,32,"Logistic",2021
"103",3,36,"Logistic",2021
"104",4,33,"Logistic",2021
"105",5,29,"Logistic",2021
"106",6,39,"Logistic",2021
"107",7,39,"Logistic",2021
"108",8,30,"Logistic",2021
"109",9,26,"Logistic",2021
"110",10,33,"Logistic",2021
"111",11,27,"Logistic",2021
"112",12,31,"Logistic",2021
"113",13,43,"Logistic",2021
"114",14,38,"Logistic",2021
"115",15,41,"Logistic",2021
"116",16,40,"Logistic",2021
"117",17,25,"Logistic",2021
"118",18,39,"Logistic",2021
"119",19,35,"Logistic",2021
"120",20,39,"Logistic",2021
"121",21,41,"Logistic",2021
"122",22,37,"Logistic",2021
"123",23,28,"Logistic",2021
"124",24,32,"Logistic",2021
"125",25,37,"Logistic",2021
"126",26,39,"Logistic",2021
"127",27,37,"Logistic",2021
"128",28,30,"Logistic",2021
"129",29,40,"Logistic",2021
"130",30,30,"Logistic",2021
"131",31,44,"Logistic",2021
"132",32,36,"Logistic",2021
"133",33,30,"Logistic",2021
"134",34,38,"Logistic",2021
"135",35,36,"Logistic",2021
"136",36,34,"Logistic",2021
"137",37,43,"Logistic",2021
"138",38,42,"Logistic",2021
"139",39,38,"Logistic",2021
"140",40,48,"Logistic",2021
"141",41,40,"Logistic",2021
"142",42,36,"Logistic",2021
"143",43,32,"Logistic",2021
"144",44,33,"Logistic",2021
"145",45,30,"Logistic",2021
"146",46,28,"Logistic",2021
"147",47,35,"Logistic",2021
"148",48,39,"Logistic",2021
"149",49,30,"Logistic",2021
"150",50,35,"Logistic",2021
"151",51,27,"Logistic",2021
"152",52,25,"Logistic",2021
"153",53,30,"Logistic",2021
"154",54,43,"Logistic",2021
"155",55,43,"Logistic",2021
"156",56,32,"Logistic",2021
"157",57,36,"Logistic",2021
"158",58,39,"Logistic",2021
"159",59,38,"Logistic",2021
"160",60,30,"Logistic",2021
"161",61,34,"Logistic",2021
"162",62,42,"Logistic",2021
"163",63,30,"Logistic",2021
"164",64,27,"Logistic",2021
"165",65,32,"Logistic",2021
"166",66,31,"Logistic",2021
"167",67,37,"Logistic",2021
"168",68,30,"Logistic",2021
"169",69,44,"Logistic",2021
"170",70,27,"Logistic",2021
"171",71,35,"Logistic",2021
"172",72,32,"Logistic",2021
"173",73,36,"Logistic",2021
"174",74,28,"Logistic",2021
"175",75,39,"Logistic",2021
"176",76,35,"Logistic",2021
"177",77,46,"Logistic",2021
"178",78,50,"Logistic",2021
"179",79,37,"Logistic",2021
"180",80,28,"Logistic",2021
"181",81,45,"Logistic",2021
"182",82,45,"Logistic",2021
"183",83,22,"Logistic",2021
"184",84,33,"Logistic",2021
"185",85,37,"Logistic",2021
"186",86,38,"Logistic",2021
"187",87,29,"Logistic",2021
"188",88,28,"Logistic",2021
"189",89,41,"Logistic",2021
"190",90,29,"Logistic",2021
"191",91,43,"Logistic",2021
"192",92,38,"Logistic",2021
"193",93,30,"Logistic",2021
"194",94,35,"Logistic",2021
"195",95,38,"Logistic",2021
"196",96,37,"Logistic",2021
"197",97,33,"Logistic",2021
"198",98,31,"Logistic",2021
"199",99,41,"Logistic",2021
"200",100,45,"Logistic",2021
"201",1,46,"XGBoost",2021
"202",2,40,"XGBoost",2021
"203",3,38,"XGBoost",2021
"204",4,37,"XGBoost",2021
"205",5,38,"XGBoost",2021
"206",6,41,"XGBoost",2021
"207",7,40,"XGBoost",2021
"208",8,40,"XGBoost",2021
"209",9,35,"XGBoost",2021
"210",10,36,"XGBoost",2021
"211",11,33,"XGBoost",2021
"212",12,45,"XGBoost",2021
"213",13,47,"XGBoost",2021
"214",14,45,"XGBoost",2021
"215",15,41,"XGBoost",2021
"216",16,42,"XGBoost",2021
"217",17,40,"XGBoost",2021
"218",18,47,"XGBoost",2021
"219",19,35,"XGBoost",2021
"220",20,49,"XGBoost",2021
"221",21,41,"XGBoost",2021
"222",22,41,"XGBoost",2021
"223",23,46,"XGBoost",2021
"224",24,40,"XGBoost",2021
"225",25,48,"XGBoost",2021
"226",26,40,"XGBoost",2021
"227",27,43,"XGBoost",2021
"228",28,37,"XGBoost",2021
"229",29,36,"XGBoost",2021
"230",30,34,"XGBoost",2021
"231",31,54,"XGBoost",2021
"232",32,39,"XGBoost",2021
"233",33,42,"XGBoost",2021
"234",34,41,"XGBoost",2021
"235",35,42,"XGBoost",2021
"236",36,40,"XGBoost",2021
"237",37,37,"XGBoost",2021
"238",38,42,"XGBoost",2021
"239",39,47,"XGBoost",2021
"240",40,52,"XGBoost",2021
"241",41,46,"XGBoost",2021
"242",42,43,"XGBoost",2021
"243",43,34,"XGBoost",2021
"244",44,40,"XGBoost",2021
"245",45,42,"XGBoost",2021
"246",46,42,"XGBoost",2021
"247",47,40,"XGBoost",2021
"248",48,42,"XGBoost",2021
"249",49,40,"XGBoost",2021
"250",50,36,"XGBoost",2021
"251",51,31,"XGBoost",2021
"252",52,32,"XGBoost",2021
"253",53,36,"XGBoost",2021
"254",54,50,"XGBoost",2021
"255",55,49,"XGBoost",2021
"256",56,37,"XGBoost",2021
"257",57,42,"XGBoost",2021
"258",58,44,"XGBoost",2021
"259",59,41,"XGBoost",2021
"260",60,36,"XGBoost",2021
"261",61,43,"XGBoost",2021
"262",62,41,"XGBoost",2021
"263",63,32,"XGBoost",2021
"264",64,42,"XGBoost",2021
"265",65,37,"XGBoost",2021
"266",66,36,"XGBoost",2021
"267",67,37,"XGBoost",2021
"268",68,39,"XGBoost",2021
"269",69,35,"XGBoost",2021
"270",70,38,"XGBoost",2021
"271",71,36,"XGBoost",2021
"272",72,38,"XGBoost",2021
"273",73,41,"XGBoost",2021
"274",74,31,"XGBoost",2021
"275",75,40,"XGBoost",2021
"276",76,38,"XGBoost",2021
"277",77,50,"XGBoost",2021
"278",78,39,"XGBoost",2021
"279",79,45,"XGBoost",2021
"280",80,34,"XGBoost",2021
"281",81,39,"XGBoost",2021
"282",82,50,"XGBoost",2021
"283",83,36,"XGBoost",2021
"284",84,34,"XGBoost",2021
"285",85,45,"XGBoost",2021
"286",86,38,"XGBoost",2021
"287",87,41,"XGBoost",2021
"288",88,41,"XGBoost",2021
"289",89,36,"XGBoost",2021
"290",90,42,"XGBoost",2021
"291",91,49,"XGBoost",2021
"292",92,42,"XGBoost",2021
"293",93,41,"XGBoost",2021
"294",94,38,"XGBoost",2021
"295",95,51,"XGBoost",2021
"296",96,44,"XGBoost",2021
"297",97,36,"XGBoost",2021
"298",98,36,"XGBoost",2021
"299",99,46,"XGBoost",2021
"300",100,45,"XGBoost",2021
"301",1,38,"Consensus",2021
"302",2,38,"Consensus",2021
"303",3,42,"Consensus",2021
"304",4,37,"Consensus",2021
"305",5,39,"Consensus",2021
"306",6,47,"Consensus",2021
"307",7,45,"Consensus",2021
"308",8,29,"Consensus",2021
"309",9,44,"Consensus",2021
"310",10,36,"Consensus",2021
"311",11,43,"Consensus",2021
"312",12,32,"Consensus",2021
"313",13,37,"Consensus",2021
"314",14,37,"Consensus",2021
"315",15,48,"Consensus",2021
"316",16,34,"Consensus",2021
"317",17,41,"Consensus",2021
"318",18,40,"Consensus",2021
"319",19,34,"Consensus",2021
"320",20,44,"Consensus",2021
"321",21,36,"Consensus",2021
"322",22,37,"Consensus",2021
"323",23,35,"Consensus",2021
"324",24,44,"Consensus",2021
"325",25,43,"Consensus",2021
"326",26,37,"Consensus",2021
"327",27,39,"Consensus",2021
"328",28,42,"Consensus",2021
"329",29,37,"Consensus",2021
"330",30,35,"Consensus",2021
"331",31,40,"Consensus",2021
"332",32,43,"Consensus",2021
"333",33,41,"Consensus",2021
"334",34,36,"Consensus",2021
"335",35,37,"Consensus",2021
"336",36,34,"Consensus",2021
"337",37,45,"Consensus",2021
"338",38,34,"Consensus",2021
"339",39,36,"Consensus",2021
"340",40,42,"Consensus",2021
"341",41,37,"Consensus",2021
"342",42,40,"Consensus",2021
"343",43,34,"Consensus",2021
"344",44,39,"Consensus",2021
"345",45,49,"Consensus",2021
"346",46,42,"Consensus",2021
"347",47,35,"Consensus",2021
"348",48,43,"Consensus",2021
"349",49,39,"Consensus",2021
"350",50,39,"Consensus",2021
"351",51,40,"Consensus",2021
"352",52,33,"Consensus",2021
"353",53,42,"Consensus",2021
"354",54,40,"Consensus",2021
"355",55,43,"Consensus",2021
"356",56,39,"Consensus",2021
"357",57,43,"Consensus",2021
"358",58,35,"Consensus",2021
"359",59,40,"Consensus",2021
"360",60,32,"Consensus",2021
"361",61,41,"Consensus",2021
"362",62,44,"Consensus",2021
"363",63,32,"Consensus",2021
"364",64,43,"Consensus",2021
"365",65,40,"Consensus",2021
"366",66,37,"Consensus",2021
"367",67,39,"Consensus",2021
"368",68,31,"Consensus",2021
"369",69,44,"Consensus",2021
"370",70,34,"Consensus",2021
"371",71,47,"Consensus",2021
"372",72,38,"Consensus",2021
"373",73,38,"Consensus",2021
"374",74,39,"Consensus",2021
"375",75,39,"Consensus",2021
"376",76,36,"Consensus",2021
"377",77,40,"Consensus",2021
"378",78,49,"Consensus",2021
"379",79,38,"Consensus",2021
"380",80,42,"Consensus",2021
"381",81,45,"Consensus",2021
"382",82,46,"Consensus",2021
"383",83,42,"Consensus",2021
"384",84,36,"Consensus",2021
"385",85,47,"Consensus",2021
"386",86,37,"Consensus",2021
"387",87,41,"Consensus",2021
"388",88,36,"Consensus",2021
"389",89,44,"Consensus",2021
"390",90,38,"Consensus",2021
"391",91,38,"Consensus",2021
"392",92,36,"Consensus",2021
"393",93,37,"Consensus",2021
"394",94,38,"Consensus",2021
"395",95,49,"Consensus",2021
"396",96,37,"Consensus",2021
"397",97,32,"Consensus",2021
"398",98,39,"Consensus",2021
"399",99,40,"Consensus",2021
"400",100,43,"Consensus",2021
"401",1,31,"Linear PCA",2021
"402",2,29,"Linear PCA",2021
"403",3,32,"Linear PCA",2021
"404",4,28,"Linear PCA",2021
"405",5,26,"Linear PCA",2021
"406",6,38,"Linear PCA",2021
"407",7,40,"Linear PCA",2021
"408",8,28,"Linear PCA",2021
"409",9,27,"Linear PCA",2021
"410",10,31,"Linear PCA",2021
"411",11,26,"Linear PCA",2021
"412",12,31,"Linear PCA",2021
"413",13,35,"Linear PCA",2021
"414",14,36,"Linear PCA",2021
"415",15,28,"Linear PCA",2021
"416",16,34,"Linear PCA",2021
"417",17,25,"Linear PCA",2021
"418",18,35,"Linear PCA",2021
"419",19,25,"Linear PCA",2021
"420",20,30,"Linear PCA",2021
"421",21,32,"Linear PCA",2021
"422",22,36,"Linear PCA",2021
"423",23,24,"Linear PCA",2021
"424",24,34,"Linear PCA",2021
"425",25,28,"Linear PCA",2021
"426",26,35,"Linear PCA",2021
"427",27,31,"Linear PCA",2021
"428",28,22,"Linear PCA",2021
"429",29,38,"Linear PCA",2021
"430",30,25,"Linear PCA",2021
"431",31,41,"Linear PCA",2021
"432",32,35,"Linear PCA",2021
"433",33,26,"Linear PCA",2021
"434",34,33,"Linear PCA",2021
"435",35,28,"Linear PCA",2021
"436",36,33,"Linear PCA",2021
"437",37,44,"Linear PCA",2021
"438",38,34,"Linear PCA",2021
"439",39,35,"Linear PCA",2021
"440",40,35,"Linear PCA",2021
"441",41,36,"Linear PCA",2021
"442",42,21,"Linear PCA",2021
"443",43,29,"Linear PCA",2021
"444",44,29,"Linear PCA",2021
"445",45,29,"Linear PCA",2021
"446",46,26,"Linear PCA",2021
"447",47,32,"Linear PCA",2021
"448",48,30,"Linear PCA",2021
"449",49,27,"Linear PCA",2021
"450",50,24,"Linear PCA",2021
"451",51,27,"Linear PCA",2021
"452",52,21,"Linear PCA",2021
"453",53,30,"Linear PCA",2021
"454",54,35,"Linear PCA",2021
"455",55,39,"Linear PCA",2021
"456",56,30,"Linear PCA",2021
"457",57,33,"Linear PCA",2021
"458",58,35,"Linear PCA",2021
"459",59,31,"Linear PCA",2021
"460",60,22,"Linear PCA",2021
"461",61,28,"Linear PCA",2021
"462",62,34,"Linear PCA",2021
"463",63,28,"Linear PCA",2021
"464",64,28,"Linear PCA",2021
"465",65,26,"Linear PCA",2021
"466",66,30,"Linear PCA",2021
"467",67,31,"Linear PCA",2021
"468",68,28,"Linear PCA",2021
"469",69,48,"Linear PCA",2021
"470",70,23,"Linear PCA",2021
"471",71,33,"Linear PCA",2021
"472",72,28,"Linear PCA",2021
"473",73,31,"Linear PCA",2021
"474",74,26,"Linear PCA",2021
"475",75,38,"Linear PCA",2021
"476",76,26,"Linear PCA",2021
"477",77,37,"Linear PCA",2021
"478",78,48,"Linear PCA",2021
"479",79,38,"Linear PCA",2021
"480",80,26,"Linear PCA",2021
"481",81,36,"Linear PCA",2021
"482",82,43,"Linear PCA",2021
"483",83,22,"Linear PCA",2021
"484",84,26,"Linear PCA",2021
"485",85,37,"Linear PCA",2021
"486",86,29,"Linear PCA",2021
"487",87,25,"Linear PCA",2021
"488",88,24,"Linear PCA",2021
"489",89,31,"Linear PCA",2021
"490",90,28,"Linear PCA",2021
"491",91,38,"Linear PCA",2021
"492",92,35,"Linear PCA",2021
"493",93,24,"Linear PCA",2021
"494",94,32,"Linear PCA",2021
"495",95,32,"Linear PCA",2021
"496",96,35,"Linear PCA",2021
"497",97,34,"Linear PCA",2021
"498",98,32,"Linear PCA",2021
"499",99,26,"Linear PCA",2021
"500",100,28,"Linear PCA",2021
"501",1,26,"Ranger",2022
"502",2,30,"Ranger",2022
"503",3,32,"Ranger",2022
"504",4,29,"Ranger",2022
"505",5,31,"Ranger",2022
"506",6,32,"Ranger",2022
"507",7,29,"Ranger",2022
"508",8,49,"Ranger",2022
"509",9,43,"Ranger",2022
"510",10,29,"Ranger",2022
"511",11,39,"Ranger",2022
"512",12,39,"Ranger",2022
"513",13,32,"Ranger",2022
"514",14,44,"Ranger",2022
"515",15,31,"Ranger",2022
"516",16,33,"Ranger",2022
"517",17,34,"Ranger",2022
"518",18,31,"Ranger",2022
"519",19,40,"Ranger",2022
"520",20,31,"Ranger",2022
"521",21,34,"Ranger",2022
"522",22,35,"Ranger",2022
"523",23,39,"Ranger",2022
"524",24,31,"Ranger",2022
"525",25,37,"Ranger",2022
"526",26,46,"Ranger",2022
"527",27,33,"Ranger",2022
"528",28,36,"Ranger",2022
"529",29,33,"Ranger",2022
"530",30,31,"Ranger",2022
"531",31,38,"Ranger",2022
"532",32,27,"Ranger",2022
"533",33,44,"Ranger",2022
"534",34,30,"Ranger",2022
"535",35,22,"Ranger",2022
"536",36,30,"Ranger",2022
"537",37,28,"Ranger",2022
"538",38,24,"Ranger",2022
"539",39,46,"Ranger",2022
"540",40,35,"Ranger",2022
"541",41,32,"Ranger",2022
"542",42,29,"Ranger",2022
"543",43,33,"Ranger",2022
"544",44,32,"Ranger",2022
"545",45,31,"Ranger",2022
"546",46,37,"Ranger",2022
"547",47,53,"Ranger",2022
"548",48,35,"Ranger",2022
"549",49,37,"Ranger",2022
"550",50,51,"Ranger",2022
"551",51,32,"Ranger",2022
"552",52,37,"Ranger",2022
"553",53,31,"Ranger",2022
"554",54,29,"Ranger",2022
"555",55,44,"Ranger",2022
"556",56,29,"Ranger",2022
"557",57,44,"Ranger",2022
"558",58,38,"Ranger",2022
"559",59,38,"Ranger",2022
"560",60,46,"Ranger",2022
"561",61,41,"Ranger",2022
"562",62,31,"Ranger",2022
"563",63,39,"Ranger",2022
"564",64,44,"Ranger",2022
"565",65,29,"Ranger",2022
"566",66,27,"Ranger",2022
"567",67,37,"Ranger",2022
"568",68,24,"Ranger",2022
"569",69,33,"Ranger",2022
"570",70,31,"Ranger",2022
"571",71,33,"Ranger",2022
"572",72,30,"Ranger",2022
"573",73,39,"Ranger",2022
"574",74,37,"Ranger",2022
"575",75,29,"Ranger",2022
"576",76,30,"Ranger",2022
"577",77,31,"Ranger",2022
"578",78,30,"Ranger",2022
"579",79,31,"Ranger",2022
"580",80,33,"Ranger",2022
"581",81,35,"Ranger",2022
"582",82,44,"Ranger",2022
"583",83,27,"Ranger",2022
"584",84,41,"Ranger",2022
"585",85,46,"Ranger",2022
"586",86,33,"Ranger",2022
"587",87,37,"Ranger",2022
"588",88,30,"Ranger",2022
"589",89,45,"Ranger",2022
"590",90,42,"Ranger",2022
"591",91,28,"Ranger",2022
"592",92,43,"Ranger",2022
"593",93,34,"Ranger",2022
"594",94,30,"Ranger",2022
"595",95,40,"Ranger",2022
"596",96,32,"Ranger",2022
"597",97,37,"Ranger",2022
"598",98,38,"Ranger",2022
"599",99,28,"Ranger",2022
"600",100,26,"Ranger",2022
"601",1,39,"Logistic",2022
"602",2,28,"Logistic",2022
"603",3,31,"Logistic",2022
"604",4,34,"Logistic",2022
"605",5,32,"Logistic",2022
"606",6,36,"Logistic",2022
"607",7,34,"Logistic",2022
"608",8,32,"Logistic",2022
"609",9,37,"Logistic",2022
"610",10,30,"Logistic",2022
"611",11,31,"Logistic",2022
"612",12,25,"Logistic",2022
"613",13,35,"Logistic",2022
"614",14,30,"Logistic",2022
"615",15,40,"Logistic",2022
"616",16,34,"Logistic",2022
"617",17,32,"Logistic",2022
"618",18,31,"Logistic",2022
"619",19,44,"Logistic",2022
"620",20,33,"Logistic",2022
"621",21,31,"Logistic",2022
"622",22,40,"Logistic",2022
"623",23,37,"Logistic",2022
"624",24,31,"Logistic",2022
"625",25,43,"Logistic",2022
"626",26,39,"Logistic",2022
"627",27,26,"Logistic",2022
"628",28,29,"Logistic",2022
"629",29,34,"Logistic",2022
"630",30,32,"Logistic",2022
"631",31,36,"Logistic",2022
"632",32,29,"Logistic",2022
"633",33,32,"Logistic",2022
"634",34,28,"Logistic",2022
"635",35,29,"Logistic",2022
"636",36,30,"Logistic",2022
"637",37,33,"Logistic",2022
"638",38,30,"Logistic",2022
"639",39,29,"Logistic",2022
"640",40,28,"Logistic",2022
"641",41,43,"Logistic",2022
"642",42,32,"Logistic",2022
"643",43,28,"Logistic",2022
"644",44,41,"Logistic",2022
"645",45,29,"Logistic",2022
"646",46,32,"Logistic",2022
"647",47,51,"Logistic",2022
"648",48,29,"Logistic",2022
"649",49,31,"Logistic",2022
"650",50,26,"Logistic",2022
"651",51,41,"Logistic",2022
"652",52,28,"Logistic",2022
"653",53,33,"Logistic",2022
"654",54,32,"Logistic",2022
"655",55,30,"Logistic",2022
"656",56,35,"Logistic",2022
"657",57,30,"Logistic",2022
"658",58,38,"Logistic",2022
"659",59,38,"Logistic",2022
"660",60,30,"Logistic",2022
"661",61,38,"Logistic",2022
"662",62,33,"Logistic",2022
"663",63,35,"Logistic",2022
"664",64,24,"Logistic",2022
"665",65,38,"Logistic",2022
"666",66,34,"Logistic",2022
"667",67,42,"Logistic",2022
"668",68,31,"Logistic",2022
"669",69,43,"Logistic",2022
"670",70,39,"Logistic",2022
"671",71,28,"Logistic",2022
"672",72,32,"Logistic",2022
"673",73,36,"Logistic",2022
"674",74,44,"Logistic",2022
"675",75,39,"Logistic",2022
"676",76,32,"Logistic",2022
"677",77,38,"Logistic",2022
"678",78,32,"Logistic",2022
"679",79,36,"Logistic",2022
"680",80,30,"Logistic",2022
"681",81,42,"Logistic",2022
"682",82,34,"Logistic",2022
"683",83,38,"Logistic",2022
"684",84,55,"Logistic",2022
"685",85,34,"Logistic",2022
"686",86,31,"Logistic",2022
"687",87,38,"Logistic",2022
"688",88,32,"Logistic",2022
"689",89,30,"Logistic",2022
"690",90,46,"Logistic",2022
"691",91,26,"Logistic",2022
"692",92,37,"Logistic",2022
"693",93,32,"Logistic",2022
"694",94,36,"Logistic",2022
"695",95,35,"Logistic",2022
"696",96,30,"Logistic",2022
"697",97,37,"Logistic",2022
"698",98,32,"Logistic",2022
"699",99,26,"Logistic",2022
"700",100,39,"Logistic",2022
"701",1,39,"XGBoost",2022
"702",2,38,"XGBoost",2022
"703",3,37,"XGBoost",2022
"704",4,35,"XGBoost",2022
"705",5,38,"XGBoost",2022
"706",6,36,"XGBoost",2022
"707",7,34,"XGBoost",2022
"708",8,34,"XGBoost",2022
"709",9,38,"XGBoost",2022
"710",10,44,"XGBoost",2022
"711",11,35,"XGBoost",2022
"712",12,30,"XGBoost",2022
"713",13,34,"XGBoost",2022
"714",14,54,"XGBoost",2022
"715",15,37,"XGBoost",2022
"716",16,35,"XGBoost",2022
"717",17,37,"XGBoost",2022
"718",18,44,"XGBoost",2022
"719",19,33,"XGBoost",2022
"720",20,32,"XGBoost",2022
"721",21,33,"XGBoost",2022
"722",22,37,"XGBoost",2022
"723",23,36,"XGBoost",2022
"724",24,31,"XGBoost",2022
"725",25,38,"XGBoost",2022
"726",26,47,"XGBoost",2022
"727",27,28,"XGBoost",2022
"728",28,29,"XGBoost",2022
"729",29,30,"XGBoost",2022
"730",30,37,"XGBoost",2022
"731",31,37,"XGBoost",2022
"732",32,36,"XGBoost",2022
"733",33,29,"XGBoost",2022
"734",34,30,"XGBoost",2022
"735",35,30,"XGBoost",2022
"736",36,42,"XGBoost",2022
"737",37,43,"XGBoost",2022
"738",38,39,"XGBoost",2022
"739",39,33,"XGBoost",2022
"740",40,29,"XGBoost",2022
"741",41,36,"XGBoost",2022
"742",42,37,"XGBoost",2022
"743",43,35,"XGBoost",2022
"744",44,49,"XGBoost",2022
"745",45,36,"XGBoost",2022
"746",46,33,"XGBoost",2022
"747",47,42,"XGBoost",2022
"748",48,36,"XGBoost",2022
"749",49,29,"XGBoost",2022
"750",50,26,"XGBoost",2022
"751",51,36,"XGBoost",2022
"752",52,31,"XGBoost",2022
"753",53,32,"XGBoost",2022
"754",54,43,"XGBoost",2022
"755",55,36,"XGBoost",2022
"756",56,49,"XGBoost",2022
"757",57,35,"XGBoost",2022
"758",58,31,"XGBoost",2022
"759",59,40,"XGBoost",2022
"760",60,40,"XGBoost",2022
"761",61,33,"XGBoost",2022
"762",62,32,"XGBoost",2022
"763",63,37,"XGBoost",2022
"764",64,32,"XGBoost",2022
"765",65,41,"XGBoost",2022
"766",66,28,"XGBoost",2022
"767",67,47,"XGBoost",2022
"768",68,30,"XGBoost",2022
"769",69,40,"XGBoost",2022
"770",70,27,"XGBoost",2022
"771",71,38,"XGBoost",2022
"772",72,44,"XGBoost",2022
"773",73,41,"XGBoost",2022
"774",74,39,"XGBoost",2022
"775",75,38,"XGBoost",2022
"776",76,33,"XGBoost",2022
"777",77,42,"XGBoost",2022
"778",78,29,"XGBoost",2022
"779",79,37,"XGBoost",2022
"780",80,33,"XGBoost",2022
"781",81,40,"XGBoost",2022
"782",82,36,"XGBoost",2022
"783",83,37,"XGBoost",2022
"784",84,42,"XGBoost",2022
"785",85,38,"XGBoost",2022
"786",86,41,"XGBoost",2022
"787",87,32,"XGBoost",2022
"788",88,33,"XGBoost",2022
"789",89,31,"XGBoost",2022
"790",90,35,"XGBoost",2022
"791",91,32,"XGBoost",2022
"792",92,38,"XGBoost",2022
"793",93,29,"XGBoost",2022
"794",94,32,"XGBoost",2022
"795",95,31,"XGBoost",2022
"796",96,46,"XGBoost",2022
"797",97,32,"XGBoost",2022
"798",98,34,"XGBoost",2022
"799",99,32,"XGBoost",2022
"800",100,50,"XGBoost",2022
"801",1,38,"Consensus",2022
"802",2,53,"Consensus",2022
"803",3,38,"Consensus",2022
"804",4,40,"Consensus",2022
"805",5,47,"Consensus",2022
"806",6,41,"Consensus",2022
"807",7,36,"Consensus",2022
"808",8,38,"Consensus",2022
"809",9,43,"Consensus",2022
"810",10,46,"Consensus",2022
"811",11,39,"Consensus",2022
"812",12,39,"Consensus",2022
"813",13,41,"Consensus",2022
"814",14,37,"Consensus",2022
"815",15,36,"Consensus",2022
"816",16,39,"Consensus",2022
"817",17,40,"Consensus",2022
"818",18,37,"Consensus",2022
"819",19,48,"Consensus",2022
"820",20,40,"Consensus",2022
"821",21,55,"Consensus",2022
"822",22,44,"Consensus",2022
"823",23,37,"Consensus",2022
"824",24,28,"Consensus",2022
"825",25,43,"Consensus",2022
"826",26,44,"Consensus",2022
"827",27,32,"Consensus",2022
"828",28,35,"Consensus",2022
"829",29,45,"Consensus",2022
"830",30,46,"Consensus",2022
"831",31,37,"Consensus",2022
"832",32,40,"Consensus",2022
"833",33,52,"Consensus",2022
"834",34,36,"Consensus",2022
"835",35,46,"Consensus",2022
"836",36,53,"Consensus",2022
"837",37,40,"Consensus",2022
"838",38,48,"Consensus",2022
"839",39,36,"Consensus",2022
"840",40,38,"Consensus",2022
"841",41,51,"Consensus",2022
"842",42,38,"Consensus",2022
"843",43,36,"Consensus",2022
"844",44,43,"Consensus",2022
"845",45,36,"Consensus",2022
"846",46,39,"Consensus",2022
"847",47,56,"Consensus",2022
"848",48,46,"Consensus",2022
"849",49,51,"Consensus",2022
"850",50,44,"Consensus",2022
"851",51,57,"Consensus",2022
"852",52,39,"Consensus",2022
"853",53,37,"Consensus",2022
"854",54,40,"Consensus",2022
"855",55,33,"Consensus",2022
"856",56,44,"Consensus",2022
"857",57,42,"Consensus",2022
"858",58,37,"Consensus",2022
"859",59,36,"Consensus",2022
"860",60,53,"Consensus",2022
"861",61,38,"Consensus",2022
"862",62,42,"Consensus",2022
"863",63,54,"Consensus",2022
"864",64,41,"Consensus",2022
"865",65,43,"Consensus",2022
"866",66,37,"Consensus",2022
"867",67,46,"Consensus",2022
"868",68,44,"Consensus",2022
"869",69,44,"Consensus",2022
"870",70,41,"Consensus",2022
"871",71,36,"Consensus",2022
"872",72,38,"Consensus",2022
"873",73,48,"Consensus",2022
"874",74,47,"Consensus",2022
"875",75,54,"Consensus",2022
"876",76,42,"Consensus",2022
"877",77,38,"Consensus",2022
"878",78,31,"Consensus",2022
"879",79,40,"Consensus",2022
"880",80,34,"Consensus",2022
"881",81,37,"Consensus",2022
"882",82,36,"Consensus",2022
"883",83,42,"Consensus",2022
"884",84,55,"Consensus",2022
"885",85,37,"Consensus",2022
"886",86,40,"Consensus",2022
"887",87,37,"Consensus",2022
"888",88,57,"Consensus",2022
"889",89,42,"Consensus",2022
"890",90,46,"Consensus",2022
"891",91,43,"Consensus",2022
"892",92,44,"Consensus",2022
"893",93,45,"Consensus",2022
"894",94,46,"Consensus",2022
"895",95,35,"Consensus",2022
"896",96,44,"Consensus",2022
"897",97,43,"Consensus",2022
"898",98,35,"Consensus",2022
"899",99,39,"Consensus",2022
"900",100,39,"Consensus",2022
"901",1,40,"Linear PCA",2022
"902",2,29,"Linear PCA",2022
"903",3,30,"Linear PCA",2022
"904",4,34,"Linear PCA",2022
"905",5,31,"Linear PCA",2022
"906",6,44,"Linear PCA",2022
"907",7,31,"Linear PCA",2022
"908",8,33,"Linear PCA",2022
"909",9,40,"Linear PCA",2022
"910",10,27,"Linear PCA",2022
"911",11,31,"Linear PCA",2022
"912",12,24,"Linear PCA",2022
"913",13,38,"Linear PCA",2022
"914",14,32,"Linear PCA",2022
"915",15,39,"Linear PCA",2022
"916",16,28,"Linear PCA",2022
"917",17,32,"Linear PCA",2022
"918",18,27,"Linear PCA",2022
"919",19,51,"Linear PCA",2022
"920",20,36,"Linear PCA",2022
"921",21,29,"Linear PCA",2022
"922",22,38,"Linear PCA",2022
"923",23,36,"Linear PCA",2022
"924",24,26,"Linear PCA",2022
"925",25,44,"Linear PCA",2022
"926",26,37,"Linear PCA",2022
"927",27,27,"Linear PCA",2022
"928",28,30,"Linear PCA",2022
"929",29,33,"Linear PCA",2022
"930",30,32,"Linear PCA",2022
"931",31,34,"Linear PCA",2022
"932",32,45,"Linear PCA",2022
"933",33,32,"Linear PCA",2022
"934",34,28,"Linear PCA",2022
"935",35,30,"Linear PCA",2022
"936",36,32,"Linear PCA",2022
"937",37,32,"Linear PCA",2022
"938",38,29,"Linear PCA",2022
"939",39,31,"Linear PCA",2022
"940",40,26,"Linear PCA",2022
"941",41,49,"Linear PCA",2022
"942",42,35,"Linear PCA",2022
"943",43,26,"Linear PCA",2022
"944",44,42,"Linear PCA",2022
"945",45,39,"Linear PCA",2022
"946",46,33,"Linear PCA",2022
"947",47,52,"Linear PCA",2022
"948",48,33,"Linear PCA",2022
"949",49,29,"Linear PCA",2022
"950",50,42,"Linear PCA",2022
"951",51,33,"Linear PCA",2022
"952",52,30,"Linear PCA",2022
"953",53,29,"Linear PCA",2022
"954",54,42,"Linear PCA",2022
"955",55,30,"Linear PCA",2022
"956",56,47,"Linear PCA",2022
"957",57,30,"Linear PCA",2022
"958",58,33,"Linear PCA",2022
"959",59,41,"Linear PCA",2022
"960",60,44,"Linear PCA",2022
"961",61,34,"Linear PCA",2022
"962",62,30,"Linear PCA",2022
"963",63,35,"Linear PCA",2022
"964",64,31,"Linear PCA",2022
"965",65,34,"Linear PCA",2022
"966",66,42,"Linear PCA",2022
"967",67,49,"Linear PCA",2022
"968",68,48,"Linear PCA",2022
"969",69,39,"Linear PCA",2022
"970",70,36,"Linear PCA",2022
"971",71,36,"Linear PCA",2022
"972",72,28,"Linear PCA",2022
"973",73,43,"Linear PCA",2022
"974",74,33,"Linear PCA",2022
"975",75,35,"Linear PCA",2022
"976",76,34,"Linear PCA",2022
"977",77,38,"Linear PCA",2022
"978",78,30,"Linear PCA",2022
"979",79,38,"Linear PCA",2022
"980",80,29,"Linear PCA",2022
"981",81,31,"Linear PCA",2022
"982",82,39,"Linear PCA",2022
"983",83,44,"Linear PCA",2022
"984",84,55,"Linear PCA",2022
"985",85,36,"Linear PCA",2022
"986",86,50,"Linear PCA",2022
"987",87,35,"Linear PCA",2022
"988",88,37,"Linear PCA",2022
"989",89,37,"Linear PCA",2022
"990",90,50,"Linear PCA",2022
"991",91,31,"Linear PCA",2022
"992",92,27,"Linear PCA",2022
"993",93,27,"Linear PCA",2022
"994",94,41,"Linear PCA",2022
"995",95,32,"Linear PCA",2022
"996",96,28,"Linear PCA",2022
"997",97,36,"Linear PCA",2022
"998",98,37,"Linear PCA",2022
"999",99,27,"Linear PCA",2022
"1000",100,37,"Linear PCA",2022
"1001",1,35,"Ranger",2023
"1002",2,33,"Ranger",2023
"1003",3,34,"Ranger",2023
"1004",4,47,"Ranger",2023
"1005",5,46,"Ranger",2023
"1006",6,29,"Ranger",2023
"1007",7,34,"Ranger",2023
"1008",8,28,"Ranger",2023
"1009",9,34,"Ranger",2023
"1010",10,36,"Ranger",2023
"1011",11,32,"Ranger",2023
"1012",12,47,"Ranger",2023
"1013",13,36,"Ranger",2023
"1014",14,33,"Ranger",2023
"1015",15,29,"Ranger",2023
"1016",16,31,"Ranger",2023
"1017",17,32,"Ranger",2023
"1018",18,37,"Ranger",2023
"1019",19,26,"Ranger",2023
"1020",20,28,"Ranger",2023
"1021",21,28,"Ranger",2023
"1022",22,43,"Ranger",2023
"1023",23,22,"Ranger",2023
"1024",24,37,"Ranger",2023
"1025",25,32,"Ranger",2023
"1026",26,38,"Ranger",2023
"1027",27,42,"Ranger",2023
"1028",28,22,"Ranger",2023
"1029",29,27,"Ranger",2023
"1030",30,38,"Ranger",2023
"1031",31,35,"Ranger",2023
"1032",32,31,"Ranger",2023
"1033",33,68,"Ranger",2023
"1034",34,31,"Ranger",2023
"1035",35,47,"Ranger",2023
"1036",36,27,"Ranger",2023
"1037",37,36,"Ranger",2023
"1038",38,38,"Ranger",2023
"1039",39,28,"Ranger",2023
"1040",40,34,"Ranger",2023
"1041",41,28,"Ranger",2023
"1042",42,38,"Ranger",2023
"1043",43,28,"Ranger",2023
"1044",44,34,"Ranger",2023
"1045",45,32,"Ranger",2023
"1046",46,33,"Ranger",2023
"1047",47,27,"Ranger",2023
"1048",48,35,"Ranger",2023
"1049",49,31,"Ranger",2023
"1050",50,26,"Ranger",2023
"1051",51,26,"Ranger",2023
"1052",52,30,"Ranger",2023
"1053",53,36,"Ranger",2023
"1054",54,37,"Ranger",2023
"1055",55,33,"Ranger",2023
"1056",56,32,"Ranger",2023
"1057",57,30,"Ranger",2023
"1058",58,47,"Ranger",2023
"1059",59,31,"Ranger",2023
"1060",60,26,"Ranger",2023
"1061",61,49,"Ranger",2023
"1062",62,25,"Ranger",2023
"1063",63,39,"Ranger",2023
"1064",64,31,"Ranger",2023
"1065",65,28,"Ranger",2023
"1066",66,43,"Ranger",2023
"1067",67,41,"Ranger",2023
"1068",68,27,"Ranger",2023
"1069",69,28,"Ranger",2023
"1070",70,34,"Ranger",2023
"1071",71,48,"Ranger",2023
"1072",72,25,"Ranger",2023
"1073",73,30,"Ranger",2023
"1074",74,31,"Ranger",2023
"1075",75,32,"Ranger",2023
"1076",76,38,"Ranger",2023
"1077",77,47,"Ranger",2023
"1078",78,30,"Ranger",2023
"1079",79,24,"Ranger",2023
"1080",80,31,"Ranger",2023
"1081",81,27,"Ranger",2023
"1082",82,24,"Ranger",2023
"1083",83,42,"Ranger",2023
"1084",84,31,"Ranger",2023
"1085",85,30,"Ranger",2023
"1086",86,43,"Ranger",2023
"1087",87,34,"Ranger",2023
"1088",88,26,"Ranger",2023
"1089",89,36,"Ranger",2023
"1090",90,32,"Ranger",2023
"1091",91,32,"Ranger",2023
"1092",92,29,"Ranger",2023
"1093",93,45,"Ranger",2023
"1094",94,30,"Ranger",2023
"1095",95,35,"Ranger",2023
"1096",96,37,"Ranger",2023
"1097",97,29,"Ranger",2023
"1098",98,42,"Ranger",2023
"1099",99,28,"Ranger",2023
"1100",100,32,"Ranger",2023
"1101",1,37,"Logistic",2023
"1102",2,34,"Logistic",2023
"1103",3,32,"Logistic",2023
"1104",4,32,"Logistic",2023
"1105",5,36,"Logistic",2023
"1106",6,28,"Logistic",2023
"1107",7,41,"Logistic",2023
"1108",8,38,"Logistic",2023
"1109",9,36,"Logistic",2023
"1110",10,42,"Logistic",2023
"1111",11,50,"Logistic",2023
"1112",12,31,"Logistic",2023
"1113",13,34,"Logistic",2023
"1114",14,32,"Logistic",2023
"1115",15,25,"Logistic",2023
"1116",16,37,"Logistic",2023
"1117",17,35,"Logistic",2023
"1118",18,27,"Logistic",2023
"1119",19,43,"Logistic",2023
"1120",20,27,"Logistic",2023
"1121",21,44,"Logistic",2023
"1122",22,34,"Logistic",2023
"1123",23,28,"Logistic",2023
"1124",24,32,"Logistic",2023
"1125",25,30,"Logistic",2023
"1126",26,49,"Logistic",2023
"1127",27,40,"Logistic",2023
"1128",28,27,"Logistic",2023
"1129",29,32,"Logistic",2023
"1130",30,25,"Logistic",2023
"1131",31,34,"Logistic",2023
"1132",32,34,"Logistic",2023
"1133",33,24,"Logistic",2023
"1134",34,29,"Logistic",2023
"1135",35,46,"Logistic",2023
"1136",36,35,"Logistic",2023
"1137",37,31,"Logistic",2023
"1138",38,32,"Logistic",2023
"1139",39,27,"Logistic",2023
"1140",40,41,"Logistic",2023
"1141",41,25,"Logistic",2023
"1142",42,25,"Logistic",2023
"1143",43,36,"Logistic",2023
"1144",44,35,"Logistic",2023
"1145",45,32,"Logistic",2023
"1146",46,38,"Logistic",2023
"1147",47,27,"Logistic",2023
"1148",48,34,"Logistic",2023
"1149",49,32,"Logistic",2023
"1150",50,28,"Logistic",2023
"1151",51,30,"Logistic",2023
"1152",52,42,"Logistic",2023
"1153",53,49,"Logistic",2023
"1154",54,31,"Logistic",2023
"1155",55,28,"Logistic",2023
"1156",56,34,"Logistic",2023
"1157",57,30,"Logistic",2023
"1158",58,23,"Logistic",2023
"1159",59,31,"Logistic",2023
"1160",60,31,"Logistic",2023
"1161",61,24,"Logistic",2023
"1162",62,28,"Logistic",2023
"1163",63,32,"Logistic",2023
"1164",64,23,"Logistic",2023
"1165",65,36,"Logistic",2023
"1166",66,32,"Logistic",2023
"1167",67,36,"Logistic",2023
"1168",68,33,"Logistic",2023
"1169",69,27,"Logistic",2023
"1170",70,31,"Logistic",2023
"1171",71,36,"Logistic",2023
"1172",72,35,"Logistic",2023
"1173",73,28,"Logistic",2023
"1174",74,30,"Logistic",2023
"1175",75,36,"Logistic",2023
"1176",76,26,"Logistic",2023
"1177",77,34,"Logistic",2023
"1178",78,39,"Logistic",2023
"1179",79,31,"Logistic",2023
"1180",80,21,"Logistic",2023
"1181",81,44,"Logistic",2023
"1182",82,29,"Logistic",2023
"1183",83,26,"Logistic",2023
"1184",84,30,"Logistic",2023
"1185",85,27,"Logistic",2023
"1186",86,27,"Logistic",2023
"1187",87,30,"Logistic",2023
"1188",88,35,"Logistic",2023
"1189",89,33,"Logistic",2023
"1190",90,28,"Logistic",2023
"1191",91,28,"Logistic",2023
"1192",92,37,"Logistic",2023
"1193",93,29,"Logistic",2023
"1194",94,31,"Logistic",2023
"1195",95,31,"Logistic",2023
"1196",96,24,"Logistic",2023
"1197",97,35,"Logistic",2023
"1198",98,48,"Logistic",2023
"1199",99,34,"Logistic",2023
"1200",100,29,"Logistic",2023
"1201",1,53,"XGBoost",2023
"1202",2,39,"XGBoost",2023
"1203",3,49,"XGBoost",2023
"1204",4,30,"XGBoost",2023
"1205",5,52,"XGBoost",2023
"1206",6,37,"XGBoost",2023
"1207",7,58,"XGBoost",2023
"1208",8,41,"XGBoost",2023
"1209",9,53,"XGBoost",2023
"1210",10,49,"XGBoost",2023
"1211",11,47,"XGBoost",2023
"1212",12,32,"XGBoost",2023
"1213",13,38,"XGBoost",2023
"1214",14,34,"XGBoost",2023
"1215",15,34,"XGBoost",2023
"1216",16,35,"XGBoost",2023
"1217",17,34,"XGBoost",2023
"1218",18,30,"XGBoost",2023
"1219",19,36,"XGBoost",2023
"1220",20,28,"XGBoost",2023
"1221",21,54,"XGBoost",2023
"1222",22,38,"XGBoost",2023
"1223",23,47,"XGBoost",2023
"1224",24,30,"XGBoost",2023
"1225",25,31,"XGBoost",2023
"1226",26,39,"XGBoost",2023
"1227",27,35,"XGBoost",2023
"1228",28,33,"XGBoost",2023
"1229",29,33,"XGBoost",2023
"1230",30,29,"XGBoost",2023
"1231",31,30,"XGBoost",2023
"1232",32,50,"XGBoost",2023
"1233",33,31,"XGBoost",2023
"1234",34,40,"XGBoost",2023
"1235",35,39,"XGBoost",2023
"1236",36,32,"XGBoost",2023
"1237",37,40,"XGBoost",2023
"1238",38,40,"XGBoost",2023
"1239",39,52,"XGBoost",2023
"1240",40,55,"XGBoost",2023
"1241",41,28,"XGBoost",2023
"1242",42,47,"XGBoost",2023
"1243",43,31,"XGBoost",2023
"1244",44,45,"XGBoost",2023
"1245",45,53,"XGBoost",2023
"1246",46,55,"XGBoost",2023
"1247",47,47,"XGBoost",2023
"1248",48,30,"XGBoost",2023
"1249",49,45,"XGBoost",2023
"1250",50,39,"XGBoost",2023
"1251",51,35,"XGBoost",2023
"1252",52,32,"XGBoost",2023
"1253",53,50,"XGBoost",2023
"1254",54,31,"XGBoost",2023
"1255",55,41,"XGBoost",2023
"1256",56,53,"XGBoost",2023
"1257",57,30,"XGBoost",2023
"1258",58,31,"XGBoost",2023
"1259",59,44,"XGBoost",2023
"1260",60,35,"XGBoost",2023
"1261",61,46,"XGBoost",2023
"1262",62,29,"XGBoost",2023
"1263",63,46,"XGBoost",2023
"1264",64,45,"XGBoost",2023
"1265",65,50,"XGBoost",2023
"1266",66,45,"XGBoost",2023
"1267",67,50,"XGBoost",2023
"1268",68,33,"XGBoost",2023
"1269",69,38,"XGBoost",2023
"1270",70,30,"XGBoost",2023
"1271",71,35,"XGBoost",2023
"1272",72,48,"XGBoost",2023
"1273",73,25,"XGBoost",2023
"1274",74,35,"XGBoost",2023
"1275",75,34,"XGBoost",2023
"1276",76,31,"XGBoost",2023
"1277",77,27,"XGBoost",2023
"1278",78,50,"XGBoost",2023
"1279",79,31,"XGBoost",2023
"1280",80,47,"XGBoost",2023
"1281",81,44,"XGBoost",2023
"1282",82,41,"XGBoost",2023
"1283",83,30,"XGBoost",2023
"1284",84,50,"XGBoost",2023
"1285",85,30,"XGBoost",2023
"1286",86,30,"XGBoost",2023
"1287",87,50,"XGBoost",2023
"1288",88,36,"XGBoost",2023
"1289",89,46,"XGBoost",2023
"1290",90,29,"XGBoost",2023
"1291",91,33,"XGBoost",2023
"1292",92,36,"XGBoost",2023
"1293",93,40,"XGBoost",2023
"1294",94,34,"XGBoost",2023
"1295",95,38,"XGBoost",2023
"1296",96,31,"XGBoost",2023
"1297",97,48,"XGBoost",2023
"1298",98,34,"XGBoost",2023
"1299",99,48,"XGBoost",2023
"1300",100,51,"XGBoost",2023
"1301",1,36,"Consensus",2023
"1302",2,35,"Consensus",2023
"1303",3,36,"Consensus",2023
"1304",4,33,"Consensus",2023
"1305",5,39,"Consensus",2023
"1306",6,34,"Consensus",2023
"1307",7,37,"Consensus",2023
"1308",8,37,"Consensus",2023
"1309",9,39,"Consensus",2023
"1310",10,30,"Consensus",2023
"1311",11,32,"Consensus",2023
"1312",12,37,"Consensus",2023
"1313",13,35,"Consensus",2023
"1314",14,38,"Consensus",2023
"1315",15,41,"Consensus",2023
"1316",16,36,"Consensus",2023
"1317",17,34,"Consensus",2023
"1318",18,34,"Consensus",2023
"1319",19,38,"Consensus",2023
"1320",20,35,"Consensus",2023
"1321",21,37,"Consensus",2023
"1322",22,37,"Consensus",2023
"1323",23,35,"Consensus",2023
"1324",24,35,"Consensus",2023
"1325",25,37,"Consensus",2023
"1326",26,40,"Consensus",2023
"1327",27,40,"Consensus",2023
"1328",28,35,"Consensus",2023
"1329",29,38,"Consensus",2023
"1330",30,32,"Consensus",2023
"1331",31,37,"Consensus",2023
"1332",32,34,"Consensus",2023
"1333",33,36,"Consensus",2023
"1334",34,35,"Consensus",2023
"1335",35,36,"Consensus",2023
"1336",36,40,"Consensus",2023
"1337",37,35,"Consensus",2023
"1338",38,33,"Consensus",2023
"1339",39,35,"Consensus",2023
"1340",40,37,"Consensus",2023
"1341",41,37,"Consensus",2023
"1342",42,34,"Consensus",2023
"1343",43,38,"Consensus",2023
"1344",44,35,"Consensus",2023
"1345",45,35,"Consensus",2023
"1346",46,33,"Consensus",2023
"1347",47,34,"Consensus",2023
"1348",48,37,"Consensus",2023
"1349",49,35,"Consensus",2023
"1350",50,31,"Consensus",2023
"1351",51,36,"Consensus",2023
"1352",52,33,"Consensus",2023
"1353",53,33,"Consensus",2023
"1354",54,35,"Consensus",2023
"1355",55,30,"Consensus",2023
"1356",56,36,"Consensus",2023
"1357",57,34,"Consensus",2023
"1358",58,35,"Consensus",2023
"1359",59,38,"Consensus",2023
"1360",60,35,"Consensus",2023
"1361",61,33,"Consensus",2023
"1362",62,36,"Consensus",2023
"1363",63,31,"Consensus",2023
"1364",64,32,"Consensus",2023
"1365",65,37,"Consensus",2023
"1366",66,35,"Consensus",2023
"1367",67,40,"Consensus",2023
"1368",68,37,"Consensus",2023
"1369",69,29,"Consensus",2023
"1370",70,36,"Consensus",2023
"1371",71,39,"Consensus",2023
"1372",72,40,"Consensus",2023
"1373",73,29,"Consensus",2023
"1374",74,29,"Consensus",2023
"1375",75,35,"Consensus",2023
"1376",76,33,"Consensus",2023
"1377",77,35,"Consensus",2023
"1378",78,38,"Consensus",2023
"1379",79,34,"Consensus",2023
"1380",80,36,"Consensus",2023
"1381",81,33,"Consensus",2023
"1382",82,32,"Consensus",2023
"1383",83,33,"Consensus",2023
"1384",84,38,"Consensus",2023
"1385",85,33,"Consensus",2023
"1386",86,34,"Consensus",2023
"1387",87,36,"Consensus",2023
"1388",88,38,"Consensus",2023
"1389",89,32,"Consensus",2023
"1390",90,34,"Consensus",2023
"1391",91,36,"Consensus",2023
"1392",92,36,"Consensus",2023
"1393",93,32,"Consensus",2023
"1394",94,36,"Consensus",2023
"1395",95,38,"Consensus",2023
"1396",96,36,"Consensus",2023
"1397",97,33,"Consensus",2023
"1398",98,38,"Consensus",2023
"1399",99,36,"Consensus",2023
"1400",100,33,"Consensus",2023
"1401",1,44,"Linear PCA",2023
"1402",2,32,"Linear PCA",2023
"1403",3,34,"Linear PCA",2023
"1404",4,32,"Linear PCA",2023
"1405",5,35,"Linear PCA",2023
"1406",6,31,"Linear PCA",2023
"1407",7,39,"Linear PCA",2023
"1408",8,38,"Linear PCA",2023
"1409",9,27,"Linear PCA",2023
"1410",10,28,"Linear PCA",2023
"1411",11,41,"Linear PCA",2023
"1412",12,29,"Linear PCA",2023
"1413",13,31,"Linear PCA",2023
"1414",14,32,"Linear PCA",2023
"1415",15,26,"Linear PCA",2023
"1416",16,35,"Linear PCA",2023
"1417",17,36,"Linear PCA",2023
"1418",18,21,"Linear PCA",2023
"1419",19,46,"Linear PCA",2023
"1420",20,26,"Linear PCA",2023
"1421",21,47,"Linear PCA",2023
"1422",22,36,"Linear PCA",2023
"1423",23,32,"Linear PCA",2023
"1424",24,29,"Linear PCA",2023
"1425",25,29,"Linear PCA",2023
"1426",26,49,"Linear PCA",2023
"1427",27,42,"Linear PCA",2023
"1428",28,28,"Linear PCA",2023
"1429",29,31,"Linear PCA",2023
"1430",30,26,"Linear PCA",2023
"1431",31,37,"Linear PCA",2023
"1432",32,32,"Linear PCA",2023
"1433",33,22,"Linear PCA",2023
"1434",34,33,"Linear PCA",2023
"1435",35,47,"Linear PCA",2023
"1436",36,30,"Linear PCA",2023
"1437",37,27,"Linear PCA",2023
"1438",38,34,"Linear PCA",2023
"1439",39,26,"Linear PCA",2023
"1440",40,37,"Linear PCA",2023
"1441",41,25,"Linear PCA",2023
"1442",42,26,"Linear PCA",2023
"1443",43,32,"Linear PCA",2023
"1444",44,28,"Linear PCA",2023
"1445",45,27,"Linear PCA",2023
"1446",46,40,"Linear PCA",2023
"1447",47,25,"Linear PCA",2023
"1448",48,30,"Linear PCA",2023
"1449",49,26,"Linear PCA",2023
"1450",50,29,"Linear PCA",2023
"1451",51,27,"Linear PCA",2023
"1452",52,35,"Linear PCA",2023
"1453",53,31,"Linear PCA",2023
"1454",54,31,"Linear PCA",2023
"1455",55,30,"Linear PCA",2023
"1456",56,33,"Linear PCA",2023
"1457",57,36,"Linear PCA",2023
"1458",58,26,"Linear PCA",2023
"1459",59,36,"Linear PCA",2023
"1460",60,29,"Linear PCA",2023
"1461",61,20,"Linear PCA",2023
"1462",62,23,"Linear PCA",2023
"1463",63,33,"Linear PCA",2023
"1464",64,25,"Linear PCA",2023
"1465",65,33,"Linear PCA",2023
"1466",66,28,"Linear PCA",2023
"1467",67,34,"Linear PCA",2023
"1468",68,32,"Linear PCA",2023
"1469",69,27,"Linear PCA",2023
"1470",70,33,"Linear PCA",2023
"1471",71,37,"Linear PCA",2023
"1472",72,35,"Linear PCA",2023
"1473",73,27,"Linear PCA",2023
"1474",74,26,"Linear PCA",2023
"1475",75,38,"Linear PCA",2023
"1476",76,23,"Linear PCA",2023
"1477",77,31,"Linear PCA",2023
"1478",78,37,"Linear PCA",2023
"1479",79,30,"Linear PCA",2023
"1480",80,28,"Linear PCA",2023
"1481",81,41,"Linear PCA",2023
"1482",82,27,"Linear PCA",2023
"1483",83,24,"Linear PCA",2023
"1484",84,31,"Linear PCA",2023
"1485",85,29,"Linear PCA",2023
"1486",86,29,"Linear PCA",2023
"1487",87,36,"Linear PCA",2023
"1488",88,33,"Linear PCA",2023
"1489",89,23,"Linear PCA",2023
"1490",90,32,"Linear PCA",2023
"1491",91,30,"Linear PCA",2023
"1492",92,33,"Linear PCA",2023
"1493",93,25,"Linear PCA",2023
"1494",94,23,"Linear PCA",2023
"1495",95,26,"Linear PCA",2023
"1496",96,21,"Linear PCA",2023
"1497",97,34,"Linear PCA",2023
"1498",98,45,"Linear PCA",2023
"1499",99,44,"Linear PCA",2023
"1500",100,32,"Linear PCA",2023
"1501",1,37,"Ranger",2024
"1502",2,34,"Ranger",2024
"1503",3,31,"Ranger",2024
"1504",4,53,"Ranger",2024
"1505",5,42,"Ranger",2024
"1506",6,47,"Ranger",2024
"1507",7,40,"Ranger",2024
"1508",8,44,"Ranger",2024
"1509",9,44,"Ranger",2024
"1510",10,29,"Ranger",2024
"1511",11,53,"Ranger",2024
"1512",12,33,"Ranger",2024
"1513",13,34,"Ranger",2024
"1514",14,44,"Ranger",2024
"1515",15,30,"Ranger",2024
"1516",16,28,"Ranger",2024
"1517",17,33,"Ranger",2024
"1518",18,33,"Ranger",2024
"1519",19,48,"Ranger",2024
"1520",20,35,"Ranger",2024
"1521",21,26,"Ranger",2024
"1522",22,62,"Ranger",2024
"1523",23,45,"Ranger",2024
"1524",24,46,"Ranger",2024
"1525",25,47,"Ranger",2024
"1526",26,42,"Ranger",2024
"1527",27,44,"Ranger",2024
"1528",28,50,"Ranger",2024
"1529",29,34,"Ranger",2024
"1530",30,39,"Ranger",2024
"1531",31,40,"Ranger",2024
"1532",32,27,"Ranger",2024
"1533",33,46,"Ranger",2024
"1534",34,35,"Ranger",2024
"1535",35,29,"Ranger",2024
"1536",36,56,"Ranger",2024
"1537",37,35,"Ranger",2024
"1538",38,42,"Ranger",2024
"1539",39,38,"Ranger",2024
"1540",40,40,"Ranger",2024
"1541",41,31,"Ranger",2024
"1542",42,46,"Ranger",2024
"1543",43,29,"Ranger",2024
"1544",44,36,"Ranger",2024
"1545",45,59,"Ranger",2024
"1546",46,33,"Ranger",2024
"1547",47,39,"Ranger",2024
"1548",48,34,"Ranger",2024
"1549",49,42,"Ranger",2024
"1550",50,43,"Ranger",2024
"1551",51,35,"Ranger",2024
"1552",52,50,"Ranger",2024
"1553",53,35,"Ranger",2024
"1554",54,35,"Ranger",2024
"1555",55,36,"Ranger",2024
"1556",56,27,"Ranger",2024
"1557",57,54,"Ranger",2024
"1558",58,52,"Ranger",2024
"1559",59,38,"Ranger",2024
"1560",60,37,"Ranger",2024
"1561",61,38,"Ranger",2024
"1562",62,44,"Ranger",2024
"1563",63,39,"Ranger",2024
"1564",64,38,"Ranger",2024
"1565",65,37,"Ranger",2024
"1566",66,30,"Ranger",2024
"1567",67,38,"Ranger",2024
"1568",68,35,"Ranger",2024
"1569",69,39,"Ranger",2024
"1570",70,33,"Ranger",2024
"1571",71,36,"Ranger",2024
"1572",72,33,"Ranger",2024
"1573",73,44,"Ranger",2024
"1574",74,43,"Ranger",2024
"1575",75,33,"Ranger",2024
"1576",76,32,"Ranger",2024
"1577",77,40,"Ranger",2024
"1578",78,63,"Ranger",2024
"1579",79,42,"Ranger",2024
"1580",80,29,"Ranger",2024
"1581",81,33,"Ranger",2024
"1582",82,37,"Ranger",2024
"1583",83,32,"Ranger",2024
"1584",84,44,"Ranger",2024
"1585",85,49,"Ranger",2024
"1586",86,48,"Ranger",2024
"1587",87,44,"Ranger",2024
"1588",88,49,"Ranger",2024
"1589",89,57,"Ranger",2024
"1590",90,40,"Ranger",2024
"1591",91,29,"Ranger",2024
"1592",92,30,"Ranger",2024
"1593",93,39,"Ranger",2024
"1594",94,33,"Ranger",2024
"1595",95,42,"Ranger",2024
"1596",96,33,"Ranger",2024
"1597",97,55,"Ranger",2024
"1598",98,34,"Ranger",2024
"1599",99,30,"Ranger",2024
"1600",100,64,"Ranger",2024
"1601",1,54,"Logistic",2024
"1602",2,42,"Logistic",2024
"1603",3,37,"Logistic",2024
"1604",4,42,"Logistic",2024
"1605",5,34,"Logistic",2024
"1606",6,33,"Logistic",2024
"1607",7,58,"Logistic",2024
"1608",8,39,"Logistic",2024
"1609",9,59,"Logistic",2024
"1610",10,36,"Logistic",2024
"1611",11,61,"Logistic",2024
"1612",12,32,"Logistic",2024
"1613",13,51,"Logistic",2024
"1614",14,40,"Logistic",2024
"1615",15,34,"Logistic",2024
"1616",16,47,"Logistic",2024
"1617",17,30,"Logistic",2024
"1618",18,42,"Logistic",2024
"1619",19,50,"Logistic",2024
"1620",20,35,"Logistic",2024
"1621",21,32,"Logistic",2024
"1622",22,49,"Logistic",2024
"1623",23,50,"Logistic",2024
"1624",24,44,"Logistic",2024
"1625",25,47,"Logistic",2024
"1626",26,41,"Logistic",2024
"1627",27,39,"Logistic",2024
"1628",28,37,"Logistic",2024
"1629",29,34,"Logistic",2024
"1630",30,32,"Logistic",2024
"1631",31,32,"Logistic",2024
"1632",32,56,"Logistic",2024
"1633",33,36,"Logistic",2024
"1634",34,44,"Logistic",2024
"1635",35,50,"Logistic",2024
"1636",36,30,"Logistic",2024
"1637",37,54,"Logistic",2024
"1638",38,37,"Logistic",2024
"1639",39,40,"Logistic",2024
"1640",40,56,"Logistic",2024
"1641",41,35,"Logistic",2024
"1642",42,45,"Logistic",2024
"1643",43,33,"Logistic",2024
"1644",44,41,"Logistic",2024
"1645",45,38,"Logistic",2024
"1646",46,33,"Logistic",2024
"1647",47,53,"Logistic",2024
"1648",48,36,"Logistic",2024
"1649",49,53,"Logistic",2024
"1650",50,48,"Logistic",2024
"1651",51,37,"Logistic",2024
"1652",52,61,"Logistic",2024
"1653",53,39,"Logistic",2024
"1654",54,31,"Logistic",2024
"1655",55,41,"Logistic",2024
"1656",56,49,"Logistic",2024
"1657",57,22,"Logistic",2024
"1658",58,34,"Logistic",2024
"1659",59,34,"Logistic",2024
"1660",60,34,"Logistic",2024
"1661",61,45,"Logistic",2024
"1662",62,52,"Logistic",2024
"1663",63,29,"Logistic",2024
"1664",64,23,"Logistic",2024
"1665",65,43,"Logistic",2024
"1666",66,52,"Logistic",2024
"1667",67,53,"Logistic",2024
"1668",68,47,"Logistic",2024
"1669",69,51,"Logistic",2024
"1670",70,61,"Logistic",2024
"1671",71,42,"Logistic",2024
"1672",72,39,"Logistic",2024
"1673",73,45,"Logistic",2024
"1674",74,42,"Logistic",2024
"1675",75,35,"Logistic",2024
"1676",76,37,"Logistic",2024
"1677",77,45,"Logistic",2024
"1678",78,35,"Logistic",2024
"1679",79,33,"Logistic",2024
"1680",80,44,"Logistic",2024
"1681",81,43,"Logistic",2024
"1682",82,50,"Logistic",2024
"1683",83,48,"Logistic",2024
"1684",84,53,"Logistic",2024
"1685",85,58,"Logistic",2024
"1686",86,38,"Logistic",2024
"1687",87,39,"Logistic",2024
"1688",88,37,"Logistic",2024
"1689",89,48,"Logistic",2024
"1690",90,54,"Logistic",2024
"1691",91,40,"Logistic",2024
"1692",92,59,"Logistic",2024
"1693",93,50,"Logistic",2024
"1694",94,35,"Logistic",2024
"1695",95,47,"Logistic",2024
"1696",96,45,"Logistic",2024
"1697",97,57,"Logistic",2024
"1698",98,42,"Logistic",2024
"1699",99,55,"Logistic",2024
"1700",100,38,"Logistic",2024
"1701",1,37,"XGBoost",2024
"1702",2,38,"XGBoost",2024
"1703",3,48,"XGBoost",2024
"1704",4,52,"XGBoost",2024
"1705",5,40,"XGBoost",2024
"1706",6,32,"XGBoost",2024
"1707",7,36,"XGBoost",2024
"1708",8,35,"XGBoost",2024
"1709",9,38,"XGBoost",2024
"1710",10,46,"XGBoost",2024
"1711",11,41,"XGBoost",2024
"1712",12,57,"XGBoost",2024
"1713",13,37,"XGBoost",2024
"1714",14,58,"XGBoost",2024
"1715",15,34,"XGBoost",2024
"1716",16,35,"XGBoost",2024
"1717",17,49,"XGBoost",2024
"1718",18,41,"XGBoost",2024
"1719",19,57,"XGBoost",2024
"1720",20,37,"XGBoost",2024
"1721",21,38,"XGBoost",2024
"1722",22,30,"XGBoost",2024
"1723",23,45,"XGBoost",2024
"1724",24,51,"XGBoost",2024
"1725",25,45,"XGBoost",2024
"1726",26,41,"XGBoost",2024
"1727",27,46,"XGBoost",2024
"1728",28,31,"XGBoost",2024
"1729",29,43,"XGBoost",2024
"1730",30,36,"XGBoost",2024
"1731",31,32,"XGBoost",2024
"1732",32,56,"XGBoost",2024
"1733",33,34,"XGBoost",2024
"1734",34,35,"XGBoost",2024
"1735",35,44,"XGBoost",2024
"1736",36,40,"XGBoost",2024
"1737",37,55,"XGBoost",2024
"1738",38,44,"XGBoost",2024
"1739",39,37,"XGBoost",2024
"1740",40,38,"XGBoost",2024
"1741",41,52,"XGBoost",2024
"1742",42,28,"XGBoost",2024
"1743",43,33,"XGBoost",2024
"1744",44,56,"XGBoost",2024
"1745",45,33,"XGBoost",2024
"1746",46,36,"XGBoost",2024
"1747",47,45,"XGBoost",2024
"1748",48,59,"XGBoost",2024
"1749",49,56,"XGBoost",2024
"1750",50,45,"XGBoost",2024
"1751",51,52,"XGBoost",2024
"1752",52,41,"XGBoost",2024
"1753",53,43,"XGBoost",2024
"1754",54,37,"XGBoost",2024
"1755",55,38,"XGBoost",2024
"1756",56,38,"XGBoost",2024
"1757",57,31,"XGBoost",2024
"1758",58,32,"XGBoost",2024
"1759",59,38,"XGBoost",2024
"1760",60,54,"XGBoost",2024
"1761",61,32,"XGBoost",2024
"1762",62,30,"XGBoost",2024
"1763",63,55,"XGBoost",2024
"1764",64,35,"XGBoost",2024
"1765",65,39,"XGBoost",2024
"1766",66,38,"XGBoost",2024
"1767",67,34,"XGBoost",2024
"1768",68,51,"XGBoost",2024
"1769",69,33,"XGBoost",2024
"1770",70,51,"XGBoost",2024
"1771",71,42,"XGBoost",2024
"1772",72,35,"XGBoost",2024
"1773",73,39,"XGBoost",2024
"1774",74,45,"XGBoost",2024
"1775",75,34,"XGBoost",2024
"1776",76,42,"XGBoost",2024
"1777",77,42,"XGBoost",2024
"1778",78,35,"XGBoost",2024
"1779",79,33,"XGBoost",2024
"1780",80,50,"XGBoost",2024
"1781",81,58,"XGBoost",2024
"1782",82,35,"XGBoost",2024
"1783",83,53,"XGBoost",2024
"1784",84,41,"XGBoost",2024
"1785",85,41,"XGBoost",2024
"1786",86,37,"XGBoost",2024
"1787",87,45,"XGBoost",2024
"1788",88,40,"XGBoost",2024
"1789",89,46,"XGBoost",2024
"1790",90,64,"XGBoost",2024
"1791",91,51,"XGBoost",2024
"1792",92,42,"XGBoost",2024
"1793",93,46,"XGBoost",2024
"1794",94,40,"XGBoost",2024
"1795",95,29,"XGBoost",2024
"1796",96,47,"XGBoost",2024
"1797",97,61,"XGBoost",2024
"1798",98,54,"XGBoost",2024
"1799",99,60,"XGBoost",2024
"1800",100,39,"XGBoost",2024
"1801",1,59,"Consensus",2024
"1802",2,57,"Consensus",2024
"1803",3,51,"Consensus",2024
"1804",4,60,"Consensus",2024
"1805",5,64,"Consensus",2024
"1806",6,43,"Consensus",2024
"1807",7,57,"Consensus",2024
"1808",8,59,"Consensus",2024
"1809",9,60,"Consensus",2024
"1810",10,53,"Consensus",2024
"1811",11,65,"Consensus",2024
"1812",12,44,"Consensus",2024
"1813",13,51,"Consensus",2024
"1814",14,54,"Consensus",2024
"1815",15,54,"Consensus",2024
"1816",16,54,"Consensus",2024
"1817",17,45,"Consensus",2024
"1818",18,44,"Consensus",2024
"1819",19,52,"Consensus",2024
"1820",20,52,"Consensus",2024
"1821",21,51,"Consensus",2024
"1822",22,57,"Consensus",2024
"1823",23,55,"Consensus",2024
"1824",24,47,"Consensus",2024
"1825",25,66,"Consensus",2024
"1826",26,52,"Consensus",2024
"1827",27,61,"Consensus",2024
"1828",28,55,"Consensus",2024
"1829",29,41,"Consensus",2024
"1830",30,46,"Consensus",2024
"1831",31,56,"Consensus",2024
"1832",32,61,"Consensus",2024
"1833",33,53,"Consensus",2024
"1834",34,55,"Consensus",2024
"1835",35,50,"Consensus",2024
"1836",36,53,"Consensus",2024
"1837",37,59,"Consensus",2024
"1838",38,43,"Consensus",2024
"1839",39,43,"Consensus",2024
"1840",40,61,"Consensus",2024
"1841",41,51,"Consensus",2024
"1842",42,45,"Consensus",2024
"1843",43,45,"Consensus",2024
"1844",44,65,"Consensus",2024
"1845",45,56,"Consensus",2024
"1846",46,42,"Consensus",2024
"1847",47,57,"Consensus",2024
"1848",48,67,"Consensus",2024
"1849",49,60,"Consensus",2024
"1850",50,53,"Consensus",2024
"1851",51,57,"Consensus",2024
"1852",52,54,"Consensus",2024
"1853",53,49,"Consensus",2024
"1854",54,40,"Consensus",2024
"1855",55,50,"Consensus",2024
"1856",56,49,"Consensus",2024
"1857",57,45,"Consensus",2024
"1858",58,57,"Consensus",2024
"1859",59,58,"Consensus",2024
"1860",60,67,"Consensus",2024
"1861",61,45,"Consensus",2024
"1862",62,64,"Consensus",2024
"1863",63,43,"Consensus",2024
"1864",64,55,"Consensus",2024
"1865",65,62,"Consensus",2024
"1866",66,58,"Consensus",2024
"1867",67,60,"Consensus",2024
"1868",68,45,"Consensus",2024
"1869",69,56,"Consensus",2024
"1870",70,59,"Consensus",2024
"1871",71,47,"Consensus",2024
"1872",72,41,"Consensus",2024
"1873",73,64,"Consensus",2024
"1874",74,51,"Consensus",2024
"1875",75,56,"Consensus",2024
"1876",76,53,"Consensus",2024
"1877",77,48,"Consensus",2024
"1878",78,42,"Consensus",2024
"1879",79,41,"Consensus",2024
"1880",80,48,"Consensus",2024
"1881",81,50,"Consensus",2024
"1882",82,53,"Consensus",2024
"1883",83,57,"Consensus",2024
"1884",84,56,"Consensus",2024
"1885",85,57,"Consensus",2024
"1886",86,42,"Consensus",2024
"1887",87,63,"Consensus",2024
"1888",88,52,"Consensus",2024
"1889",89,50,"Consensus",2024
"1890",90,68,"Consensus",2024
"1891",91,49,"Consensus",2024
"1892",92,71,"Consensus",2024
"1893",93,63,"Consensus",2024
"1894",94,50,"Consensus",2024
"1895",95,48,"Consensus",2024
"1896",96,63,"Consensus",2024
"1897",97,60,"Consensus",2024
"1898",98,55,"Consensus",2024
"1899",99,60,"Consensus",2024
"1900",100,48,"Consensus",2024
"1901",1,41,"Linear PCA",2024
"1902",2,41,"Linear PCA",2024
"1903",3,34,"Linear PCA",2024
"1904",4,39,"Linear PCA",2024
"1905",5,26,"Linear PCA",2024
"1906",6,34,"Linear PCA",2024
"1907",7,59,"Linear PCA",2024
"1908",8,42,"Linear PCA",2024
"1909",9,39,"Linear PCA",2024
"1910",10,36,"Linear PCA",2024
"1911",11,56,"Linear PCA",2024
"1912",12,34,"Linear PCA",2024
"1913",13,38,"Linear PCA",2024
"1914",14,37,"Linear PCA",2024
"1915",15,32,"Linear PCA",2024
"1916",16,52,"Linear PCA",2024
"1917",17,28,"Linear PCA",2024
"1918",18,30,"Linear PCA",2024
"1919",19,53,"Linear PCA",2024
"1920",20,35,"Linear PCA",2024
"1921",21,32,"Linear PCA",2024
"1922",22,48,"Linear PCA",2024
"1923",23,31,"Linear PCA",2024
"1924",24,45,"Linear PCA",2024
"1925",25,51,"Linear PCA",2024
"1926",26,41,"Linear PCA",2024
"1927",27,39,"Linear PCA",2024
"1928",28,37,"Linear PCA",2024
"1929",29,28,"Linear PCA",2024
"1930",30,33,"Linear PCA",2024
"1931",31,29,"Linear PCA",2024
"1932",32,42,"Linear PCA",2024
"1933",33,37,"Linear PCA",2024
"1934",34,48,"Linear PCA",2024
"1935",35,28,"Linear PCA",2024
"1936",36,32,"Linear PCA",2024
"1937",37,54,"Linear PCA",2024
"1938",38,28,"Linear PCA",2024
"1939",39,36,"Linear PCA",2024
"1940",40,56,"Linear PCA",2024
"1941",41,40,"Linear PCA",2024
"1942",42,40,"Linear PCA",2024
"1943",43,31,"Linear PCA",2024
"1944",44,40,"Linear PCA",2024
"1945",45,29,"Linear PCA",2024
"1946",46,32,"Linear PCA",2024
"1947",47,53,"Linear PCA",2024
"1948",48,41,"Linear PCA",2024
"1949",49,44,"Linear PCA",2024
"1950",50,48,"Linear PCA",2024
"1951",51,36,"Linear PCA",2024
"1952",52,38,"Linear PCA",2024
"1953",53,38,"Linear PCA",2024
"1954",54,37,"Linear PCA",2024
"1955",55,42,"Linear PCA",2024
"1956",56,54,"Linear PCA",2024
"1957",57,25,"Linear PCA",2024
"1958",58,37,"Linear PCA",2024
"1959",59,35,"Linear PCA",2024
"1960",60,35,"Linear PCA",2024
"1961",61,33,"Linear PCA",2024
"1962",62,44,"Linear PCA",2024
"1963",63,30,"Linear PCA",2024
"1964",64,25,"Linear PCA",2024
"1965",65,59,"Linear PCA",2024
"1966",66,31,"Linear PCA",2024
"1967",67,36,"Linear PCA",2024
"1968",68,44,"Linear PCA",2024
"1969",69,32,"Linear PCA",2024
"1970",70,48,"Linear PCA",2024
"1971",71,39,"Linear PCA",2024
"1972",72,37,"Linear PCA",2024
"1973",73,37,"Linear PCA",2024
"1974",74,31,"Linear PCA",2024
"1975",75,33,"Linear PCA",2024
"1976",76,35,"Linear PCA",2024
"1977",77,44,"Linear PCA",2024
"1978",78,39,"Linear PCA",2024
"1979",79,36,"Linear PCA",2024
"1980",80,45,"Linear PCA",2024
"1981",81,44,"Linear PCA",2024
"1982",82,52,"Linear PCA",2024
"1983",83,27,"Linear PCA",2024
"1984",84,54,"Linear PCA",2024
"1985",85,41,"Linear PCA",2024
"1986",86,36,"Linear PCA",2024
"1987",87,30,"Linear PCA",2024
"1988",88,33,"Linear PCA",2024
"1989",89,37,"Linear PCA",2024
"1990",90,63,"Linear PCA",2024
"1991",91,33,"Linear PCA",2024
"1992",92,57,"Linear PCA",2024
"1993",93,51,"Linear PCA",2024
"1994",94,38,"Linear PCA",2024
"1995",95,48,"Linear PCA",2024
"1996",96,45,"Linear PCA",2024
"1997",97,55,"Linear PCA",2024
"1998",98,36,"Linear PCA",2024
"1999",99,51,"Linear PCA",2024
"2000",100,37,"Linear PCA",2024
"2001",1,45,"Ranger",2025
"2002",2,36,"Ranger",2025
"2003",3,49,"Ranger",2025
"2004",4,37,"Ranger",2025
"2005",5,36,"Ranger",2025
"2006",6,45,"Ranger",2025
"2007",7,44,"Ranger",2025
"2008",8,42,"Ranger",2025
"2009",9,39,"Ranger",2025
"2010",10,46,"Ranger",2025
"2011",11,42,"Ranger",2025
"2012",12,44,"Ranger",2025
"2013",13,54,"Ranger",2025
"2014",14,42,"Ranger",2025
"2015",15,58,"Ranger",2025
"2016",16,48,"Ranger",2025
"2017",17,54,"Ranger",2025
"2018",18,41,"Ranger",2025
"2019",19,49,"Ranger",2025
"2020",20,50,"Ranger",2025
"2021",21,59,"Ranger",2025
"2022",22,49,"Ranger",2025
"2023",23,39,"Ranger",2025
"2024",24,66,"Ranger",2025
"2025",25,36,"Ranger",2025
"2026",26,48,"Ranger",2025
"2027",27,43,"Ranger",2025
"2028",28,59,"Ranger",2025
"2029",29,58,"Ranger",2025
"2030",30,41,"Ranger",2025
"2031",31,46,"Ranger",2025
"2032",32,39,"Ranger",2025
"2033",33,38,"Ranger",2025
"2034",34,64,"Ranger",2025
"2035",35,38,"Ranger",2025
"2036",36,62,"Ranger",2025
"2037",37,53,"Ranger",2025
"2038",38,38,"Ranger",2025
"2039",39,44,"Ranger",2025
"2040",40,46,"Ranger",2025
"2041",41,54,"Ranger",2025
"2042",42,47,"Ranger",2025
"2043",43,36,"Ranger",2025
"2044",44,38,"Ranger",2025
"2045",45,41,"Ranger",2025
"2046",46,40,"Ranger",2025
"2047",47,42,"Ranger",2025
"2048",48,33,"Ranger",2025
"2049",49,56,"Ranger",2025
"2050",50,52,"Ranger",2025
"2051",51,48,"Ranger",2025
"2052",52,47,"Ranger",2025
"2053",53,47,"Ranger",2025
"2054",54,39,"Ranger",2025
"2055",55,59,"Ranger",2025
"2056",56,49,"Ranger",2025
"2057",57,52,"Ranger",2025
"2058",58,41,"Ranger",2025
"2059",59,52,"Ranger",2025
"2060",60,35,"Ranger",2025
"2061",61,39,"Ranger",2025
"2062",62,71,"Ranger",2025
"2063",63,48,"Ranger",2025
"2064",64,38,"Ranger",2025
"2065",65,49,"Ranger",2025
"2066",66,35,"Ranger",2025
"2067",67,62,"Ranger",2025
"2068",68,46,"Ranger",2025
"2069",69,46,"Ranger",2025
"2070",70,71,"Ranger",2025
"2071",71,41,"Ranger",2025
"2072",72,54,"Ranger",2025
"2073",73,51,"Ranger",2025
"2074",74,55,"Ranger",2025
"2075",75,44,"Ranger",2025
"2076",76,50,"Ranger",2025
"2077",77,56,"Ranger",2025
"2078",78,45,"Ranger",2025
"2079",79,36,"Ranger",2025
"2080",80,37,"Ranger",2025
"2081",81,51,"Ranger",2025
"2082",82,38,"Ranger",2025
"2083",83,35,"Ranger",2025
"2084",84,43,"Ranger",2025
"2085",85,53,"Ranger",2025
"2086",86,44,"Ranger",2025
"2087",87,49,"Ranger",2025
"2088",88,51,"Ranger",2025
"2089",89,47,"Ranger",2025
"2090",90,43,"Ranger",2025
"2091",91,47,"Ranger",2025
"2092",92,40,"Ranger",2025
"2093",93,68,"Ranger",2025
"2094",94,58,"Ranger",2025
"2095",95,56,"Ranger",2025
"2096",96,45,"Ranger",2025
"2097",97,40,"Ranger",2025
"2098",98,40,"Ranger",2025
"2099",99,45,"Ranger",2025
"2100",100,45,"Ranger",2025
"2101",1,49,"Logistic",2025
"2102",2,46,"Logistic",2025
"2103",3,52,"Logistic",2025
"2104",4,49,"Logistic",2025
"2105",5,62,"Logistic",2025
"2106",6,46,"Logistic",2025
"2107",7,54,"Logistic",2025
"2108",8,46,"Logistic",2025
"2109",9,42,"Logistic",2025
"2110",10,48,"Logistic",2025
"2111",11,41,"Logistic",2025
"2112",12,43,"Logistic",2025
"2113",13,58,"Logistic",2025
"2114",14,51,"Logistic",2025
"2115",15,54,"Logistic",2025
"2116",16,45,"Logistic",2025
"2117",17,44,"Logistic",2025
"2118",18,64,"Logistic",2025
"2119",19,56,"Logistic",2025
"2120",20,56,"Logistic",2025
"2121",21,61,"Logistic",2025
"2122",22,49,"Logistic",2025
"2123",23,47,"Logistic",2025
"2124",24,68,"Logistic",2025
"2125",25,53,"Logistic",2025
"2126",26,51,"Logistic",2025
"2127",27,46,"Logistic",2025
"2128",28,40,"Logistic",2025
"2129",29,55,"Logistic",2025
"2130",30,55,"Logistic",2025
"2131",31,58,"Logistic",2025
"2132",32,59,"Logistic",2025
"2133",33,56,"Logistic",2025
"2134",34,49,"Logistic",2025
"2135",35,48,"Logistic",2025
"2136",36,55,"Logistic",2025
"2137",37,58,"Logistic",2025
"2138",38,54,"Logistic",2025
"2139",39,59,"Logistic",2025
"2140",40,44,"Logistic",2025
"2141",41,57,"Logistic",2025
"2142",42,59,"Logistic",2025
"2143",43,37,"Logistic",2025
"2144",44,46,"Logistic",2025
"2145",45,62,"Logistic",2025
"2146",46,41,"Logistic",2025
"2147",47,52,"Logistic",2025
"2148",48,48,"Logistic",2025
"2149",49,42,"Logistic",2025
"2150",50,54,"Logistic",2025
"2151",51,51,"Logistic",2025
"2152",52,48,"Logistic",2025
"2153",53,72,"Logistic",2025
"2154",54,44,"Logistic",2025
"2155",55,55,"Logistic",2025
"2156",56,65,"Logistic",2025
"2157",57,52,"Logistic",2025
"2158",58,47,"Logistic",2025
"2159",59,61,"Logistic",2025
"2160",60,38,"Logistic",2025
"2161",61,54,"Logistic",2025
"2162",62,50,"Logistic",2025
"2163",63,47,"Logistic",2025
"2164",64,43,"Logistic",2025
"2165",65,54,"Logistic",2025
"2166",66,60,"Logistic",2025
"2167",67,59,"Logistic",2025
"2168",68,48,"Logistic",2025
"2169",69,55,"Logistic",2025
"2170",70,58,"Logistic",2025
"2171",71,63,"Logistic",2025
"2172",72,55,"Logistic",2025
"2173",73,45,"Logistic",2025
"2174",74,60,"Logistic",2025
"2175",75,54,"Logistic",2025
"2176",76,53,"Logistic",2025
"2177",77,58,"Logistic",2025
"2178",78,57,"Logistic",2025
"2179",79,48,"Logistic",2025
"2180",80,35,"Logistic",2025
"2181",81,57,"Logistic",2025
"2182",82,54,"Logistic",2025
"2183",83,49,"Logistic",2025
"2184",84,56,"Logistic",2025
"2185",85,63,"Logistic",2025
"2186",86,54,"Logistic",2025
"2187",87,56,"Logistic",2025
"2188",88,31,"Logistic",2025
"2189",89,61,"Logistic",2025
"2190",90,58,"Logistic",2025
"2191",91,54,"Logistic",2025
"2192",92,51,"Logistic",2025
"2193",93,49,"Logistic",2025
"2194",94,40,"Logistic",2025
"2195",95,51,"Logistic",2025
"2196",96,49,"Logistic",2025
"2197",97,54,"Logistic",2025
"2198",98,41,"Logistic",2025
"2199",99,59,"Logistic",2025
"2200",100,69,"Logistic",2025
"2201",1,54,"XGBoost",2025
"2202",2,65,"XGBoost",2025
"2203",3,44,"XGBoost",2025
"2204",4,46,"XGBoost",2025
"2205",5,53,"XGBoost",2025
"2206",6,35,"XGBoost",2025
"2207",7,49,"XGBoost",2025
"2208",8,49,"XGBoost",2025
"2209",9,40,"XGBoost",2025
"2210",10,42,"XGBoost",2025
"2211",11,43,"XGBoost",2025
"2212",12,49,"XGBoost",2025
"2213",13,51,"XGBoost",2025
"2214",14,44,"XGBoost",2025
"2215",15,39,"XGBoost",2025
"2216",16,42,"XGBoost",2025
"2217",17,74,"XGBoost",2025
"2218",18,63,"XGBoost",2025
"2219",19,55,"XGBoost",2025
"2220",20,52,"XGBoost",2025
"2221",21,42,"XGBoost",2025
"2222",22,50,"XGBoost",2025
"2223",23,51,"XGBoost",2025
"2224",24,67,"XGBoost",2025
"2225",25,55,"XGBoost",2025
"2226",26,50,"XGBoost",2025
"2227",27,52,"XGBoost",2025
"2228",28,46,"XGBoost",2025
"2229",29,57,"XGBoost",2025
"2230",30,49,"XGBoost",2025
"2231",31,56,"XGBoost",2025
"2232",32,58,"XGBoost",2025
"2233",33,55,"XGBoost",2025
"2234",34,46,"XGBoost",2025
"2235",35,53,"XGBoost",2025
"2236",36,47,"XGBoost",2025
"2237",37,54,"XGBoost",2025
"2238",38,50,"XGBoost",2025
"2239",39,61,"XGBoost",2025
"2240",40,51,"XGBoost",2025
"2241",41,59,"XGBoost",2025
"2242",42,56,"XGBoost",2025
"2243",43,37,"XGBoost",2025
"2244",44,64,"XGBoost",2025
"2245",45,50,"XGBoost",2025
"2246",46,44,"XGBoost",2025
"2247",47,50,"XGBoost",2025
"2248",48,49,"XGBoost",2025
"2249",49,38,"XGBoost",2025
"2250",50,46,"XGBoost",2025
"2251",51,53,"XGBoost",2025
"2252",52,43,"XGBoost",2025
"2253",53,73,"XGBoost",2025
"2254",54,45,"XGBoost",2025
"2255",55,67,"XGBoost",2025
"2256",56,70,"XGBoost",2025
"2257",57,58,"XGBoost",2025
"2258",58,54,"XGBoost",2025
"2259",59,47,"XGBoost",2025
"2260",60,34,"XGBoost",2025
"2261",61,60,"XGBoost",2025
"2262",62,48,"XGBoost",2025
"2263",63,48,"XGBoost",2025
"2264",64,58,"XGBoost",2025
"2265",65,65,"XGBoost",2025
"2266",66,60,"XGBoost",2025
"2267",67,55,"XGBoost",2025
"2268",68,58,"XGBoost",2025
"2269",69,53,"XGBoost",2025
"2270",70,56,"XGBoost",2025
"2271",71,59,"XGBoost",2025
"2272",72,46,"XGBoost",2025
"2273",73,44,"XGBoost",2025
"2274",74,46,"XGBoost",2025
"2275",75,69,"XGBoost",2025
"2276",76,54,"XGBoost",2025
"2277",77,63,"XGBoost",2025
"2278",78,55,"XGBoost",2025
"2279",79,48,"XGBoost",2025
"2280",80,36,"XGBoost",2025
"2281",81,37,"XGBoost",2025
"2282",82,53,"XGBoost",2025
"2283",83,45,"XGBoost",2025
"2284",84,53,"XGBoost",2025
"2285",85,60,"XGBoost",2025
"2286",86,53,"XGBoost",2025
"2287",87,44,"XGBoost",2025
"2288",88,43,"XGBoost",2025
"2289",89,59,"XGBoost",2025
"2290",90,47,"XGBoost",2025
"2291",91,41,"XGBoost",2025
"2292",92,46,"XGBoost",2025
"2293",93,52,"XGBoost",2025
"2294",94,55,"XGBoost",2025
"2295",95,44,"XGBoost",2025
"2296",96,39,"XGBoost",2025
"2297",97,56,"XGBoost",2025
"2298",98,53,"XGBoost",2025
"2299",99,47,"XGBoost",2025
"2300",100,65,"XGBoost",2025
"2301",1,56,"Consensus",2025
"2302",2,73,"Consensus",2025
"2303",3,78,"Consensus",2025
"2304",4,58,"Consensus",2025
"2305",5,65,"Consensus",2025
"2306",6,67,"Consensus",2025
"2307",7,67,"Consensus",2025
"2308",8,50,"Consensus",2025
"2309",9,62,"Consensus",2025
"2310",10,76,"Consensus",2025
"2311",11,66,"Consensus",2025
"2312",12,72,"Consensus",2025
"2313",13,57,"Consensus",2025
"2314",14,62,"Consensus",2025
"2315",15,65,"Consensus",2025
"2316",16,56,"Consensus",2025
"2317",17,71,"Consensus",2025
"2318",18,86,"Consensus",2025
"2319",19,60,"Consensus",2025
"2320",20,72,"Consensus",2025
"2321",21,69,"Consensus",2025
"2322",22,60,"Consensus",2025
"2323",23,64,"Consensus",2025
"2324",24,69,"Consensus",2025
"2325",25,71,"Consensus",2025
"2326",26,70,"Consensus",2025
"2327",27,54,"Consensus",2025
"2328",28,60,"Consensus",2025
"2329",29,65,"Consensus",2025
"2330",30,59,"Consensus",2025
"2331",31,63,"Consensus",2025
"2332",32,63,"Consensus",2025
"2333",33,78,"Consensus",2025
"2334",34,57,"Consensus",2025
"2335",35,63,"Consensus",2025
"2336",36,56,"Consensus",2025
"2337",37,66,"Consensus",2025
"2338",38,58,"Consensus",2025
"2339",39,77,"Consensus",2025
"2340",40,65,"Consensus",2025
"2341",41,61,"Consensus",2025
"2342",42,72,"Consensus",2025
"2343",43,56,"Consensus",2025
"2344",44,58,"Consensus",2025
"2345",45,66,"Consensus",2025
"2346",46,76,"Consensus",2025
"2347",47,60,"Consensus",2025
"2348",48,56,"Consensus",2025
"2349",49,59,"Consensus",2025
"2350",50,66,"Consensus",2025
"2351",51,65,"Consensus",2025
"2352",52,60,"Consensus",2025
"2353",53,74,"Consensus",2025
"2354",54,68,"Consensus",2025
"2355",55,68,"Consensus",2025
"2356",56,78,"Consensus",2025
"2357",57,66,"Consensus",2025
"2358",58,57,"Consensus",2025
"2359",59,71,"Consensus",2025
"2360",60,49,"Consensus",2025
"2361",61,70,"Consensus",2025
"2362",62,69,"Consensus",2025
"2363",63,58,"Consensus",2025
"2364",64,60,"Consensus",2025
"2365",65,65,"Consensus",2025
"2366",66,70,"Consensus",2025
"2367",67,65,"Consensus",2025
"2368",68,67,"Consensus",2025
"2369",69,60,"Consensus",2025
"2370",70,56,"Consensus",2025
"2371",71,81,"Consensus",2025
"2372",72,60,"Consensus",2025
"2373",73,54,"Consensus",2025
"2374",74,69,"Consensus",2025
"2375",75,73,"Consensus",2025
"2376",76,78,"Consensus",2025
"2377",77,71,"Consensus",2025
"2378",78,63,"Consensus",2025
"2379",79,63,"Consensus",2025
"2380",80,72,"Consensus",2025
"2381",81,71,"Consensus",2025
"2382",82,61,"Consensus",2025
"2383",83,75,"Consensus",2025
"2384",84,63,"Consensus",2025
"2385",85,66,"Consensus",2025
"2386",86,56,"Consensus",2025
"2387",87,67,"Consensus",2025
"2388",88,58,"Consensus",2025
"2389",89,75,"Consensus",2025
"2390",90,67,"Consensus",2025
"2391",91,60,"Consensus",2025
"2392",92,58,"Consensus",2025
"2393",93,60,"Consensus",2025
"2394",94,70,"Consensus",2025
"2395",95,60,"Consensus",2025
"2396",96,63,"Consensus",2025
"2397",97,67,"Consensus",2025
"2398",98,61,"Consensus",2025
"2399",99,61,"Consensus",2025
"2400",100,74,"Consensus",2025
"2401",1,47,"Linear PCA",2025
"2402",2,42,"Linear PCA",2025
"2403",3,38,"Linear PCA",2025
"2404",4,37,"Linear PCA",2025
"2405",5,52,"Linear PCA",2025
"2406",6,38,"Linear PCA",2025
"2407",7,50,"Linear PCA",2025
"2408",8,42,"Linear PCA",2025
"2409",9,34,"Linear PCA",2025
"2410",10,28,"Linear PCA",2025
"2411",11,39,"Linear PCA",2025
"2412",12,39,"Linear PCA",2025
"2413",13,53,"Linear PCA",2025
"2414",14,52,"Linear PCA",2025
"2415",15,46,"Linear PCA",2025
"2416",16,36,"Linear PCA",2025
"2417",17,35,"Linear PCA",2025
"2418",18,56,"Linear PCA",2025
"2419",19,48,"Linear PCA",2025
"2420",20,50,"Linear PCA",2025
"2421",21,39,"Linear PCA",2025
"2422",22,46,"Linear PCA",2025
"2423",23,40,"Linear PCA",2025
"2424",24,46,"Linear PCA",2025
"2425",25,39,"Linear PCA",2025
"2426",26,44,"Linear PCA",2025
"2427",27,40,"Linear PCA",2025
"2428",28,32,"Linear PCA",2025
"2429",29,52,"Linear PCA",2025
"2430",30,32,"Linear PCA",2025
"2431",31,52,"Linear PCA",2025
"2432",32,50,"Linear PCA",2025
"2433",33,44,"Linear PCA",2025
"2434",34,44,"Linear PCA",2025
"2435",35,41,"Linear PCA",2025
"2436",36,37,"Linear PCA",2025
"2437",37,47,"Linear PCA",2025
"2438",38,45,"Linear PCA",2025
"2439",39,39,"Linear PCA",2025
"2440",40,37,"Linear PCA",2025
"2441",41,53,"Linear PCA",2025
"2442",42,54,"Linear PCA",2025
"2443",43,41,"Linear PCA",2025
"2444",44,46,"Linear PCA",2025
"2445",45,45,"Linear PCA",2025
"2446",46,34,"Linear PCA",2025
"2447",47,45,"Linear PCA",2025
"2448",48,38,"Linear PCA",2025
"2449",49,37,"Linear PCA",2025
"2450",50,50,"Linear PCA",2025
"2451",51,42,"Linear PCA",2025
"2452",52,37,"Linear PCA",2025
"2453",53,50,"Linear PCA",2025
"2454",54,40,"Linear PCA",2025
"2455",55,47,"Linear PCA",2025
"2456",56,52,"Linear PCA",2025
"2457",57,29,"Linear PCA",2025
"2458",58,42,"Linear PCA",2025
"2459",59,39,"Linear PCA",2025
"2460",60,29,"Linear PCA",2025
"2461",61,34,"Linear PCA",2025
"2462",62,37,"Linear PCA",2025
"2463",63,40,"Linear PCA",2025
"2464",64,50,"Linear PCA",2025
"2465",65,46,"Linear PCA",2025
"2466",66,40,"Linear PCA",2025
"2467",67,50,"Linear PCA",2025
"2468",68,44,"Linear PCA",2025
"2469",69,59,"Linear PCA",2025
"2470",70,38,"Linear PCA",2025
"2471",71,45,"Linear PCA",2025
"2472",72,41,"Linear PCA",2025
"2473",73,37,"Linear PCA",2025
"2474",74,35,"Linear PCA",2025
"2475",75,43,"Linear PCA",2025
"2476",76,45,"Linear PCA",2025
"2477",77,54,"Linear PCA",2025
"2478",78,49,"Linear PCA",2025
"2479",79,43,"Linear PCA",2025
"2480",80,35,"Linear PCA",2025
"2481",81,36,"Linear PCA",2025
"2482",82,55,"Linear PCA",2025
"2483",83,39,"Linear PCA",2025
"2484",84,51,"Linear PCA",2025
"2485",85,57,"Linear PCA",2025
"2486",86,50,"Linear PCA",2025
"2487",87,36,"Linear PCA",2025
"2488",88,31,"Linear PCA",2025
"2489",89,53,"Linear PCA",2025
"2490",90,42,"Linear PCA",2025
"2491",91,37,"Linear PCA",2025
"2492",92,45,"Linear PCA",2025
"2493",93,40,"Linear PCA",2025
"2494",94,41,"Linear PCA",2025
"2495",95,45,"Linear PCA",2025
"2496",96,46,"Linear PCA",2025
"2497",97,41,"Linear PCA",2025
"2498",98,40,"Linear PCA",2025
"2499",99,47,"Linear PCA",2025
"2500",100,47,"Linear PCA",2025
"2501",1,46,"Ranger",2026
"2502",2,51,"Ranger",2026
"2503",3,46,"Ranger",2026
"2504",4,42,"Ranger",2026
"2505",5,42,"Ranger",2026
"2506",6,56,"Ranger",2026
"2507",7,41,"Ranger",2026
"2508",8,59,"Ranger",2026
"2509",9,44,"Ranger",2026
"2510",10,31,"Ranger",2026
"2511",11,37,"Ranger",2026
"2512",12,59,"Ranger",2026
"2513",13,44,"Ranger",2026
"2514",14,28,"Ranger",2026
"2515",15,57,"Ranger",2026
"2516",16,46,"Ranger",2026
"2517",17,53,"Ranger",2026
"2518",18,38,"Ranger",2026
"2519",19,51,"Ranger",2026
"2520",20,44,"Ranger",2026
"2521",21,58,"Ranger",2026
"2522",22,41,"Ranger",2026
"2523",23,46,"Ranger",2026
"2524",24,61,"Ranger",2026
"2525",25,39,"Ranger",2026
"2526",26,61,"Ranger",2026
"2527",27,44,"Ranger",2026
"2528",28,68,"Ranger",2026
"2529",29,40,"Ranger",2026
"2530",30,43,"Ranger",2026
"2531",31,50,"Ranger",2026
"2532",32,38,"Ranger",2026
"2533",33,52,"Ranger",2026
"2534",34,41,"Ranger",2026
"2535",35,50,"Ranger",2026
"2536",36,41,"Ranger",2026
"2537",37,44,"Ranger",2026
"2538",38,31,"Ranger",2026
"2539",39,55,"Ranger",2026
"2540",40,63,"Ranger",2026
"2541",41,33,"Ranger",2026
"2542",42,49,"Ranger",2026
"2543",43,43,"Ranger",2026
"2544",44,45,"Ranger",2026
"2545",45,43,"Ranger",2026
"2546",46,39,"Ranger",2026
"2547",47,40,"Ranger",2026
"2548",48,36,"Ranger",2026
"2549",49,53,"Ranger",2026
"2550",50,40,"Ranger",2026
"2551",51,50,"Ranger",2026
"2552",52,49,"Ranger",2026
"2553",53,41,"Ranger",2026
"2554",54,41,"Ranger",2026
"2555",55,49,"Ranger",2026
"2556",56,49,"Ranger",2026
"2557",57,56,"Ranger",2026
"2558",58,48,"Ranger",2026
"2559",59,48,"Ranger",2026
"2560",60,38,"Ranger",2026
"2561",61,46,"Ranger",2026
"2562",62,60,"Ranger",2026
"2563",63,40,"Ranger",2026
"2564",64,53,"Ranger",2026
"2565",65,42,"Ranger",2026
"2566",66,38,"Ranger",2026
"2567",67,52,"Ranger",2026
"2568",68,45,"Ranger",2026
"2569",69,49,"Ranger",2026
"2570",70,44,"Ranger",2026
"2571",71,35,"Ranger",2026
"2572",72,56,"Ranger",2026
"2573",73,41,"Ranger",2026
"2574",74,69,"Ranger",2026
"2575",75,38,"Ranger",2026
"2576",76,37,"Ranger",2026
"2577",77,56,"Ranger",2026
"2578",78,49,"Ranger",2026
"2579",79,39,"Ranger",2026
"2580",80,38,"Ranger",2026
"2581",81,50,"Ranger",2026
"2582",82,57,"Ranger",2026
"2583",83,40,"Ranger",2026
"2584",84,51,"Ranger",2026
"2585",85,46,"Ranger",2026
"2586",86,40,"Ranger",2026
"2587",87,46,"Ranger",2026
"2588",88,38,"Ranger",2026
"2589",89,54,"Ranger",2026
"2590",90,56,"Ranger",2026
"2591",91,33,"Ranger",2026
"2592",92,39,"Ranger",2026
"2593",93,48,"Ranger",2026
"2594",94,53,"Ranger",2026
"2595",95,44,"Ranger",2026
"2596",96,38,"Ranger",2026
"2597",97,39,"Ranger",2026
"2598",98,42,"Ranger",2026
"2599",99,50,"Ranger",2026
"2600",100,45,"Ranger",2026
"2601",1,43,"Logistic",2026
"2602",2,64,"Logistic",2026
"2603",3,45,"Logistic",2026
"2604",4,34,"Logistic",2026
"2605",5,64,"Logistic",2026
"2606",6,45,"Logistic",2026
"2607",7,39,"Logistic",2026
"2608",8,43,"Logistic",2026
"2609",9,49,"Logistic",2026
"2610",10,50,"Logistic",2026
"2611",11,44,"Logistic",2026
"2612",12,31,"Logistic",2026
"2613",13,62,"Logistic",2026
"2614",14,53,"Logistic",2026
"2615",15,40,"Logistic",2026
"2616",16,46,"Logistic",2026
"2617",17,58,"Logistic",2026
"2618",18,50,"Logistic",2026
"2619",19,61,"Logistic",2026
"2620",20,41,"Logistic",2026
"2621",21,46,"Logistic",2026
"2622",22,45,"Logistic",2026
"2623",23,61,"Logistic",2026
"2624",24,46,"Logistic",2026
"2625",25,53,"Logistic",2026
"2626",26,53,"Logistic",2026
"2627",27,45,"Logistic",2026
"2628",28,37,"Logistic",2026
"2629",29,45,"Logistic",2026
"2630",30,71,"Logistic",2026
"2631",31,39,"Logistic",2026
"2632",32,55,"Logistic",2026
"2633",33,64,"Logistic",2026
"2634",34,51,"Logistic",2026
"2635",35,46,"Logistic",2026
"2636",36,63,"Logistic",2026
"2637",37,52,"Logistic",2026
"2638",38,67,"Logistic",2026
"2639",39,47,"Logistic",2026
"2640",40,53,"Logistic",2026
"2641",41,57,"Logistic",2026
"2642",42,53,"Logistic",2026
"2643",43,41,"Logistic",2026
"2644",44,62,"Logistic",2026
"2645",45,46,"Logistic",2026
"2646",46,67,"Logistic",2026
"2647",47,55,"Logistic",2026
"2648",48,46,"Logistic",2026
"2649",49,75,"Logistic",2026
"2650",50,69,"Logistic",2026
"2651",51,61,"Logistic",2026
"2652",52,42,"Logistic",2026
"2653",53,52,"Logistic",2026
"2654",54,60,"Logistic",2026
"2655",55,46,"Logistic",2026
"2656",56,59,"Logistic",2026
"2657",57,59,"Logistic",2026
"2658",58,45,"Logistic",2026
"2659",59,45,"Logistic",2026
"2660",60,52,"Logistic",2026
"2661",61,45,"Logistic",2026
"2662",62,55,"Logistic",2026
"2663",63,59,"Logistic",2026
"2664",64,46,"Logistic",2026
"2665",65,59,"Logistic",2026
"2666",66,47,"Logistic",2026
"2667",67,64,"Logistic",2026
"2668",68,60,"Logistic",2026
"2669",69,48,"Logistic",2026
"2670",70,50,"Logistic",2026
"2671",71,48,"Logistic",2026
"2672",72,61,"Logistic",2026
"2673",73,64,"Logistic",2026
"2674",74,50,"Logistic",2026
"2675",75,65,"Logistic",2026
"2676",76,62,"Logistic",2026
"2677",77,48,"Logistic",2026
"2678",78,44,"Logistic",2026
"2679",79,50,"Logistic",2026
"2680",80,44,"Logistic",2026
"2681",81,40,"Logistic",2026
"2682",82,57,"Logistic",2026
"2683",83,45,"Logistic",2026
"2684",84,59,"Logistic",2026
"2685",85,51,"Logistic",2026
"2686",86,53,"Logistic",2026
"2687",87,71,"Logistic",2026
"2688",88,44,"Logistic",2026
"2689",89,46,"Logistic",2026
"2690",90,63,"Logistic",2026
"2691",91,42,"Logistic",2026
"2692",92,45,"Logistic",2026
"2693",93,61,"Logistic",2026
"2694",94,63,"Logistic",2026
"2695",95,39,"Logistic",2026
"2696",96,41,"Logistic",2026
"2697",97,42,"Logistic",2026
"2698",98,40,"Logistic",2026
"2699",99,54,"Logistic",2026
"2700",100,61,"Logistic",2026
"2701",1,44,"XGBoost",2026
"2702",2,54,"XGBoost",2026
"2703",3,46,"XGBoost",2026
"2704",4,43,"XGBoost",2026
"2705",5,49,"XGBoost",2026
"2706",6,51,"XGBoost",2026
"2707",7,40,"XGBoost",2026
"2708",8,45,"XGBoost",2026
"2709",9,45,"XGBoost",2026
"2710",10,63,"XGBoost",2026
"2711",11,42,"XGBoost",2026
"2712",12,38,"XGBoost",2026
"2713",13,56,"XGBoost",2026
"2714",14,53,"XGBoost",2026
"2715",15,41,"XGBoost",2026
"2716",16,49,"XGBoost",2026
"2717",17,46,"XGBoost",2026
"2718",18,55,"XGBoost",2026
"2719",19,62,"XGBoost",2026
"2720",20,54,"XGBoost",2026
"2721",21,64,"XGBoost",2026
"2722",22,47,"XGBoost",2026
"2723",23,46,"XGBoost",2026
"2724",24,45,"XGBoost",2026
"2725",25,52,"XGBoost",2026
"2726",26,50,"XGBoost",2026
"2727",27,36,"XGBoost",2026
"2728",28,40,"XGBoost",2026
"2729",29,44,"XGBoost",2026
"2730",30,55,"XGBoost",2026
"2731",31,41,"XGBoost",2026
"2732",32,48,"XGBoost",2026
"2733",33,62,"XGBoost",2026
"2734",34,43,"XGBoost",2026
"2735",35,66,"XGBoost",2026
"2736",36,64,"XGBoost",2026
"2737",37,58,"XGBoost",2026
"2738",38,63,"XGBoost",2026
"2739",39,45,"XGBoost",2026
"2740",40,47,"XGBoost",2026
"2741",41,60,"XGBoost",2026
"2742",42,57,"XGBoost",2026
"2743",43,43,"XGBoost",2026
"2744",44,62,"XGBoost",2026
"2745",45,50,"XGBoost",2026
"2746",46,46,"XGBoost",2026
"2747",47,62,"XGBoost",2026
"2748",48,43,"XGBoost",2026
"2749",49,48,"XGBoost",2026
"2750",50,64,"XGBoost",2026
"2751",51,58,"XGBoost",2026
"2752",52,46,"XGBoost",2026
"2753",53,49,"XGBoost",2026
"2754",54,51,"XGBoost",2026
"2755",55,44,"XGBoost",2026
"2756",56,57,"XGBoost",2026
"2757",57,58,"XGBoost",2026
"2758",58,52,"XGBoost",2026
"2759",59,46,"XGBoost",2026
"2760",60,56,"XGBoost",2026
"2761",61,63,"XGBoost",2026
"2762",62,58,"XGBoost",2026
"2763",63,59,"XGBoost",2026
"2764",64,44,"XGBoost",2026
"2765",65,50,"XGBoost",2026
"2766",66,56,"XGBoost",2026
"2767",67,48,"XGBoost",2026
"2768",68,63,"XGBoost",2026
"2769",69,45,"XGBoost",2026
"2770",70,44,"XGBoost",2026
"2771",71,45,"XGBoost",2026
"2772",72,47,"XGBoost",2026
"2773",73,63,"XGBoost",2026
"2774",74,47,"XGBoost",2026
"2775",75,45,"XGBoost",2026
"2776",76,51,"XGBoost",2026
"2777",77,47,"XGBoost",2026
"2778",78,48,"XGBoost",2026
"2779",79,46,"XGBoost",2026
"2780",80,44,"XGBoost",2026
"2781",81,49,"XGBoost",2026
"2782",82,50,"XGBoost",2026
"2783",83,42,"XGBoost",2026
"2784",84,48,"XGBoost",2026
"2785",85,54,"XGBoost",2026
"2786",86,58,"XGBoost",2026
"2787",87,49,"XGBoost",2026
"2788",88,55,"XGBoost",2026
"2789",89,48,"XGBoost",2026
"2790",90,46,"XGBoost",2026
"2791",91,46,"XGBoost",2026
"2792",92,37,"XGBoost",2026
"2793",93,55,"XGBoost",2026
"2794",94,45,"XGBoost",2026
"2795",95,36,"XGBoost",2026
"2796",96,44,"XGBoost",2026
"2797",97,42,"XGBoost",2026
"2798",98,58,"XGBoost",2026
"2799",99,50,"XGBoost",2026
"2800",100,50,"XGBoost",2026
"2801",1,51,"Consensus",2026
"2802",2,65,"Consensus",2026
"2803",3,51,"Consensus",2026
"2804",4,44,"Consensus",2026
"2805",5,57,"Consensus",2026
"2806",6,52,"Consensus",2026
"2807",7,56,"Consensus",2026
"2808",8,52,"Consensus",2026
"2809",9,49,"Consensus",2026
"2810",10,61,"Consensus",2026
"2811",11,52,"Consensus",2026
"2812",12,55,"Consensus",2026
"2813",13,56,"Consensus",2026
"2814",14,63,"Consensus",2026
"2815",15,44,"Consensus",2026
"2816",16,55,"Consensus",2026
"2817",17,54,"Consensus",2026
"2818",18,54,"Consensus",2026
"2819",19,64,"Consensus",2026
"2820",20,52,"Consensus",2026
"2821",21,66,"Consensus",2026
"2822",22,52,"Consensus",2026
"2823",23,57,"Consensus",2026
"2824",24,46,"Consensus",2026
"2825",25,54,"Consensus",2026
"2826",26,57,"Consensus",2026
"2827",27,50,"Consensus",2026
"2828",28,55,"Consensus",2026
"2829",29,50,"Consensus",2026
"2830",30,60,"Consensus",2026
"2831",31,48,"Consensus",2026
"2832",32,55,"Consensus",2026
"2833",33,61,"Consensus",2026
"2834",34,51,"Consensus",2026
"2835",35,57,"Consensus",2026
"2836",36,56,"Consensus",2026
"2837",37,51,"Consensus",2026
"2838",38,59,"Consensus",2026
"2839",39,53,"Consensus",2026
"2840",40,48,"Consensus",2026
"2841",41,65,"Consensus",2026
"2842",42,53,"Consensus",2026
"2843",43,45,"Consensus",2026
"2844",44,55,"Consensus",2026
"2845",45,49,"Consensus",2026
"2846",46,55,"Consensus",2026
"2847",47,61,"Consensus",2026
"2848",48,54,"Consensus",2026
"2849",49,66,"Consensus",2026
"2850",50,65,"Consensus",2026
"2851",51,67,"Consensus",2026
"2852",52,50,"Consensus",2026
"2853",53,54,"Consensus",2026
"2854",54,50,"Consensus",2026
"2855",55,47,"Consensus",2026
"2856",56,56,"Consensus",2026
"2857",57,66,"Consensus",2026
"2858",58,65,"Consensus",2026
"2859",59,47,"Consensus",2026
"2860",60,66,"Consensus",2026
"2861",61,64,"Consensus",2026
"2862",62,55,"Consensus",2026
"2863",63,71,"Consensus",2026
"2864",64,51,"Consensus",2026
"2865",65,57,"Consensus",2026
"2866",66,56,"Consensus",2026
"2867",67,55,"Consensus",2026
"2868",68,68,"Consensus",2026
"2869",69,49,"Consensus",2026
"2870",70,44,"Consensus",2026
"2871",71,49,"Consensus",2026
"2872",72,65,"Consensus",2026
"2873",73,56,"Consensus",2026
"2874",74,55,"Consensus",2026
"2875",75,64,"Consensus",2026
"2876",76,55,"Consensus",2026
"2877",77,49,"Consensus",2026
"2878",78,50,"Consensus",2026
"2879",79,52,"Consensus",2026
"2880",80,51,"Consensus",2026
"2881",81,53,"Consensus",2026
"2882",82,58,"Consensus",2026
"2883",83,51,"Consensus",2026
"2884",84,65,"Consensus",2026
"2885",85,52,"Consensus",2026
"2886",86,57,"Consensus",2026
"2887",87,59,"Consensus",2026
"2888",88,60,"Consensus",2026
"2889",89,52,"Consensus",2026
"2890",90,60,"Consensus",2026
"2891",91,51,"Consensus",2026
"2892",92,57,"Consensus",2026
"2893",93,61,"Consensus",2026
"2894",94,50,"Consensus",2026
"2895",95,43,"Consensus",2026
"2896",96,53,"Consensus",2026
"2897",97,51,"Consensus",2026
"2898",98,65,"Consensus",2026
"2899",99,47,"Consensus",2026
"2900",100,53,"Consensus",2026
"2901",1,47,"Linear PCA",2026
"2902",2,40,"Linear PCA",2026
"2903",3,36,"Linear PCA",2026
"2904",4,34,"Linear PCA",2026
"2905",5,52,"Linear PCA",2026
"2906",6,39,"Linear PCA",2026
"2907",7,39,"Linear PCA",2026
"2908",8,37,"Linear PCA",2026
"2909",9,40,"Linear PCA",2026
"2910",10,38,"Linear PCA",2026
"2911",11,44,"Linear PCA",2026
"2912",12,32,"Linear PCA",2026
"2913",13,45,"Linear PCA",2026
"2914",14,33,"Linear PCA",2026
"2915",15,36,"Linear PCA",2026
"2916",16,45,"Linear PCA",2026
"2917",17,43,"Linear PCA",2026
"2918",18,46,"Linear PCA",2026
"2919",19,56,"Linear PCA",2026
"2920",20,38,"Linear PCA",2026
"2921",21,40,"Linear PCA",2026
"2922",22,46,"Linear PCA",2026
"2923",23,39,"Linear PCA",2026
"2924",24,39,"Linear PCA",2026
"2925",25,51,"Linear PCA",2026
"2926",26,50,"Linear PCA",2026
"2927",27,40,"Linear PCA",2026
"2928",28,37,"Linear PCA",2026
"2929",29,41,"Linear PCA",2026
"2930",30,42,"Linear PCA",2026
"2931",31,44,"Linear PCA",2026
"2932",32,45,"Linear PCA",2026
"2933",33,41,"Linear PCA",2026
"2934",34,38,"Linear PCA",2026
"2935",35,36,"Linear PCA",2026
"2936",36,41,"Linear PCA",2026
"2937",37,50,"Linear PCA",2026
"2938",38,47,"Linear PCA",2026
"2939",39,51,"Linear PCA",2026
"2940",40,38,"Linear PCA",2026
"2941",41,51,"Linear PCA",2026
"2942",42,48,"Linear PCA",2026
"2943",43,44,"Linear PCA",2026
"2944",44,53,"Linear PCA",2026
"2945",45,36,"Linear PCA",2026
"2946",46,47,"Linear PCA",2026
"2947",47,56,"Linear PCA",2026
"2948",48,41,"Linear PCA",2026
"2949",49,69,"Linear PCA",2026
"2950",50,63,"Linear PCA",2026
"2951",51,43,"Linear PCA",2026
"2952",52,34,"Linear PCA",2026
"2953",53,43,"Linear PCA",2026
"2954",54,53,"Linear PCA",2026
"2955",55,42,"Linear PCA",2026
"2956",56,54,"Linear PCA",2026
"2957",57,43,"Linear PCA",2026
"2958",58,46,"Linear PCA",2026
"2959",59,39,"Linear PCA",2026
"2960",60,51,"Linear PCA",2026
"2961",61,37,"Linear PCA",2026
"2962",62,42,"Linear PCA",2026
"2963",63,34,"Linear PCA",2026
"2964",64,45,"Linear PCA",2026
"2965",65,63,"Linear PCA",2026
"2966",66,39,"Linear PCA",2026
"2967",67,55,"Linear PCA",2026
"2968",68,58,"Linear PCA",2026
"2969",69,43,"Linear PCA",2026
"2970",70,47,"Linear PCA",2026
"2971",71,42,"Linear PCA",2026
"2972",72,40,"Linear PCA",2026
"2973",73,48,"Linear PCA",2026
"2974",74,48,"Linear PCA",2026
"2975",75,41,"Linear PCA",2026
"2976",76,43,"Linear PCA",2026
"2977",77,48,"Linear PCA",2026
"2978",78,46,"Linear PCA",2026
"2979",79,51,"Linear PCA",2026
"2980",80,36,"Linear PCA",2026
"2981",81,32,"Linear PCA",2026
"2982",82,57,"Linear PCA",2026
"2983",83,39,"Linear PCA",2026
"2984",84,61,"Linear PCA",2026
"2985",85,43,"Linear PCA",2026
"2986",86,57,"Linear PCA",2026
"2987",87,53,"Linear PCA",2026
"2988",88,45,"Linear PCA",2026
"2989",89,46,"Linear PCA",2026
"2990",90,56,"Linear PCA",2026
"2991",91,42,"Linear PCA",2026
"2992",92,36,"Linear PCA",2026
"2993",93,43,"Linear PCA",2026
"2994",94,54,"Linear PCA",2026
"2995",95,35,"Linear PCA",2026
"2996",96,37,"Linear PCA",2026
"2997",97,45,"Linear PCA",2026
"2998",98,32,"Linear PCA",2026
"2999",99,51,"Linear PCA",2026
"3000",100,57,"Linear PCA",2026
