"","table_id","Line","Termini","Length","Type","Maximum speed","Opening","Status","country"
"1","1","Red line","Mersa Matruh–Ain Sokhna","660 km (410 mi)","New","230 km/h (140 mph)","2027","Under construction","Egypt"
"2","2","Al Boraq","Tanger-Ville–Kenitra","186 km (116 mi)[43]","New","320 km/h (200 mph)","2018","Operational","Morocco"
"3","2","Al Boraq","Tanger-Ville–Casablanca","137 km (85 mi)","Upgraded","220 km/h (140 mph)","TBD[ba]","Undergoing upgrade","Morocco"
"4","2","Al Boraq","Kenitra–Rabat","55 km (34 mi)","New","320 km/h (200 mph)","2027","Under construction","Morocco"
"5","2","Al Boraq","Kenitra-Marrakech","375 km (233 mi)","New","320 km/h (200 mph)","TBD[bb]","Under construction","Morocco"
"6","2","Al Boraq","Fez-Rabat[44]","180 km (110 mi)","New","320 km/h (200 mph)","2030","Under construction","Morocco"
"7","3","Shanghai maglev train","Longyang Road–Pudong International","30.5 km (19.0 mi)","New (Maglev)","431 km/h (268 mph)","2004","Operational","China"
"8","3","Beijing–Shanghai","Beijing south–Tianjin West / Shanghai Hongqiao","1,318 km (819 mi)","New","350 km/h (220 mph)","2011","Operational","China"
"9","3","Beijing–Guangzhou[bc]","Beijing west–Guangzhou","2,230 km (1,390 mi)","New","350 km/h (220 mph)","2012","Operational","China"
"10","3","Hangzhou–Fuzhou–Shenzhen","Hangzhou east–Shenzhen north","1,495 km (929 mi)","New","350 km/h (220 mph)","2013","Operational","China"
"11","3","Huhanrong PDL","Shanghai Hongqiao–Chengdu","2,078 km (1,291 mi)","New","350 km/h (220 mph)","2014","Operational","China"
"12","3","Shanghai–Kunming","Shanghai Hongqiao–Kunming south","2,066 km (1,284 mi)","New","350 km/h (220 mph)","2016","Operational","China"
"13","3","Guangzhou–Kunming","Guangzhou south–Kunming south","1,285 km (798 mi)","New","350 km/h (220 mph)","2016","Operational","China"
"14","3","Suifenhe–Manzhouli","Suifenhe–Manzhouli","714 km (444 mi)","Upgraded","250 km/h (160 mph)","2018","Operational","China"
"15","3","Qingdao–Yinchuan","Qingdao north–Yinchuan","1,762 km (1,095 mi)","Upgraded","350 km/h (220 mph)","2018","Operational","China"
"16","3","Beijing–Lanzhou","Beijing–Lanzhou","1,526 km (948 mi)","Upgraded","350 km/h (220 mph)","2019","Operational","China"
"17","3","Beijing–Harbin[bc]","Beijing Chaoyang–Harbin / Dalian","1,700 km (1,100 mi)","New","350 km/h (220 mph)","2021","Operational","China"
"18","3","Eurasia Continental Bridge","Lianyungang–Ürümqi","3,422 km (2,126 mi)","New","350 km/h (220 mph)","2021","Operational","China"
"19","3","Coastal corridor (north extension)[bd]","Dandong–Ningbo","2,659 km (1,652 mi)","New","350 km/h (220 mph)","2027","Mostly operational[be]","China"
"20","3","Coastal corridor (south extension)[bd]","Huizhou south–Dongxing","954 km (593 mi)","New","350 km/h (220 mph)","2028","Mostly operational[bf]","China"
"21","3","Hohhot–Nanning","Hohhot–Nanning","2,779.7 km (1,727.2 mi)","New","350 km/h (220 mph)","2028","Mostly operational[bg]","China"
"22","3","Baotou (Yinchuan)–Hainan[bh]","Baotou–Sanya / Xi'an north","4,664 km (2,898 mi)","New","350 km/h (220 mph)","2028","Mostly operational[bi]","China"
"23","3","Lanzhou (Xining)–Guangzhou","Lanzhou west–Guangzhou","2,282 km (1,418 mi)","New","350 km/h (220 mph)","2028","Mostly operational[bj]","China"
"24","3","Beijing–Hong Kong (Taipei)","Beijing Fengtai–Hong Kong West Kawloon / Taipei[bk]","4,392 km (2,729 mi)","New","350 km/h (220 mph)","2029","Mostly operational[bl]","China"
"25","3","Shanghai–Chongqing–Chengdu","Shanghai Baoshan–Chengdu","5,130 km (3,190 mi)","New","350 km/h (220 mph)","2029","Partly operational[bm]","China"
"26","3","Beijing–Kunming[bn]","Beijing–Kunming / Chongqing","3,795.7 km (2,358.5 mi)","New","350 km/h (220 mph)","2030","Mostly operational[bo]","China"
"27","3","Xiamen–Chongqing","Xiamen–Chongqing","937 km (582 mi)","New","350 km/h (220 mph)","TBD","Partly operational[bp]","China"
"28","3","Regional railways","Multiple lines","1,611 km (1,001 mi)","New","350 km/h (220 mph)","2008–2020","Operational","China"
"29","3","Intercity railways","Multiple lines","7,210 km (4,480 mi)","New","250 km/h (160 mph)","2008–2020","Operational","China"
"30","3","Class I railways","Multiple lines","5,056.9 km (3,142.2 mi)","Upgraded","200 km/h (120 mph)","2012–2019","Operational","China"
"31","4","Mumbai–Ahmedabad","Mumbai BKC–Sabarmati","508.18 km (315.77 mi)","New","320 km/h (200 mph)","2027–2028","Under construction","India"
"32","5","Whoosh high-speed railway","Halim (Jakarta)–Tegalluar (Bandung)","142.8 km (88.7 mi)","New","350 km/h (220 mph)","2023","Operational","Indonesia"
"33","6","Tokaido Shinkansen","Tokyo–Shin-Osaka","515.4 km (320.3 mi)","New","285 km/h (177 mph)","1964","Operational","Japan"
"34","6","San'yō Shinkansen","Shin-Osaka–Hakata","553.7 km (344.1 mi)","New","300 km/h (190 mph)","1972–1975","Operational","Japan"
"35","6","Tōhoku Shinkansen","Tokyo–Shin-Aomori","674.9 km (419.4 mi)","New","320 km/h (200 mph)","1982–2010","Operational","Japan"
"36","6","Jōetsu Shinkansen","Tokyo–Niigata","269.5 km (167.5 mi)","New","275 km/h (171 mph)","1982","Operational","Japan"
"37","6","Hokuriku Shinkansen","Takasaki–Tsuruga","470.6 km (292.4 mi)","New","260 km/h (160 mph)","1997–2024","Operational","Japan"
"38","6","Kyushu Shinkansen","Hakata–Kagoshima-Chūō","256.8 km (159.6 mi)","New","260 km/h (160 mph)","2004–2011","Operational","Japan"
"39","6","Nishi Kyushu Shinkansen","Takeo-Onsen–Nagasaki","66 km (41 mi)","New","260 km/h (160 mph)","2022","Operational","Japan"
"40","6","Hokkaido Shinkansen","Shin-Aomori–Shin-Hakodate-Hokuto","148.8 km (92.5 mi)","New","260 km/h (160 mph)","2016","Operational","Japan"
"41","6","Hokkaido Shinkansen","Shin-Hakodate-Hokuto-Sapporo","212 km (132 mi)","New","320 km/h (200 mph)","2031+","Under Construction","Japan"
"42","6","Chūō Shinkansen","Shinagawa (Tokyo)–Nagoya","285.6 km (177.5 mi)","New (Maglev)","505 km/h (314 mph)[bq]","2035+","Under construction","Japan"
"43","7","Haramain HSR","Mecca–Medina","453 km (281 mi)","New","300 km/h (190 mph)","2018","Operational","Saudi_Arabia"
"44","7","Saudi Landbridge Project","Jeddah–Riyadh","950 km (590 mi)","New","250 km/h (160 mph)[45]","2030","Under construction","Saudi_Arabia"
"45","8","Gyeongbu HSR","Seoul–Busan","417.4 km (259.4 mi)","New","305 km/h (190 mph)","2004–2015","Operational","South_Korea"
"46","8","Jeolla Line","Iksan–Yeosu Expo","180.4 km (112.1 mi)","Upgraded","230 km/h (140 mph)","2011","Operational","South_Korea"
"47","8","Honam HSR","Osong–Mokpo","249.2 km (154.8 mi)","New","305 km/h (190 mph)","2015","Operational","South_Korea"
"48","8","Suseo–Pyeongtaek HSR","Suseo–PyeongtaekJije","61.1 km (38.0 mi)","New","305 km/h (190 mph)","2016","Operational","South_Korea"
"49","8","Suseo–Pyeongtaek HSR","PyeongtaekJije–Osong","46.4 km (28.8 mi)","New","305 km/h (190 mph)","2028","Under construction","South_Korea"
"50","8","Gyeonggang Line","Seowonju–Gangneung","120.2 km (74.7 mi)","New","250 km/h (160 mph)","2017","Operational","South_Korea"
"51","8","Gyeonggang Line","Yeoju–Seowonju","22.1 km (13.7 mi)","New","250 km/h (160 mph)","2027","Under construction","South_Korea"
"52","8","Jungbunaeryuk Line","Bubal–Mungyeong","92.7 km (57.6 mi)","New","230 km/h (140 mph)","2021-2024","Operational","South_Korea"
"53","8","Jungbunaeryuk Line","Mungyeong–Gimcheon","70.1 km (43.6 mi)","Upgraded","250 km/h (160 mph)","2032","Approved","South_Korea"
"54","8","Jungang Line","Cheongnyangni–Moryang","185.4 km (115.2 mi)[br]","Partly new","250 km/h (160 mph)","2021–2024","Operational","South_Korea"
"55","8","Donghae Line","Taehwagang–Samcheok","242.3 km (150.6 mi)","Partly new","200 km/h (120 mph)","2025","Operational","South_Korea"
"56","8","Donghae Line","Samcheok–Gangneung","45.2 km (28.1 mi)","Upgraded","250 km/h (160 mph)","Unknown","Approved","South_Korea"
"57","8","Donghae Line","Gangneung–Jejin","111.7 km (69.4 mi)","New","250 km/h (160 mph)","2027","Under construction","South_Korea"
"58","8","Seohae Line","Seohwaseong–Hongseong","90 km (56 mi)","New","250 km/h (160 mph)","2026","Under construction","South_Korea"
"59","8","Janghang Line","Hongseong–Iksan","95.5 km (59.3 mi)","Upgraded","250 km/h (160 mph)","2027","Undergoing upgrade","South_Korea"
"60","8","Gyeongjeon Line","Bujeon–Suncheon","165.8 km (103.0 mi)","Upgraded","230 km/h (140 mph)","2025","Undergoing upgrade","South_Korea"
"61","8","Gyeongjeon Line","Imseong-ri–Boseong","82.5 km (51.3 mi)","Upgraded","200 km/h (120 mph)","2025","Undergoing upgrade","South_Korea"
"62","8","Gyeongjeon Line","Suncheon–GwangjuSongjeong","121.5 km (75.5 mi)","Upgraded","250 km/h (160 mph)","2030","Undergoing upgrade","South_Korea"
"63","8","Chuncheon-Sokcho Line","Chuncheon–Sokcho","93.7 km (58.2 mi)","New","250 km/h (160 mph)","2027","Under construction","South_Korea"
"64","8","Nambunaeryuk Line","Gimcheon–Geoje","177.9 km (110.5 mi)","New","250 km/h (160 mph)","2030","Under construction","South_Korea"
"65","8","Chungbuk Line","Osong–Bongyang","115 km (71 mi)","Upgraded","250 km/h (160 mph)","2031","Undergoing upgrade","South_Korea"
"66","9","Taiwan HSR","Nangang–Zuoying","351 km (218 mi)[bs]","New","300 km/h (190 mph)","2007-2016[bt]","Operational","Taiwan"
"67","9","Taiwan HSR","Taipei–Yilan","56.4 km (35.0 mi)","New","300 km/h (190 mph)","2030","Under construction","Taiwan"
"68","10","Northeastern HSR","Krung Thep Aphiwat Central–Nakhon Ratchasima–Nong Khai","606.01 km (376.56 mi)","New","250 km/h (160 mph)","2028[bu]","Under construction","Thailand"
"69","10","Eastern HSR","Don Mueang–U-Tapao","220 km (140 mi)","New","250 km/h (160 mph)","2029","Under construction","Thailand"
"70","11","Polatlı–Konya","Polatlı–Konya","212 km (132 mi)","New","250 km/h (160 mph)","2011","Operational","Turkey"
"71","11","Ankara–Istanbul","Sincan–Köseköy","313 km (194 mi)","Partly new","250 km/h (160 mph)","2014","Operational","Turkey"
"72","11","Ankara–Istanbul","Other sections","20 km (12 mi)","New","250 km/h (160 mph)","2028","Under construction","Turkey"
"73","11","Konya–Yenice railway","Konya–Karaman","102 km (63 mi)","Upgraded","200 km/h (120 mph)","2021","Operational","Turkey"
"74","11","Konya–Yenice railway","Karaman–Ulukışla","135 km (84 mi)","Upgraded","200 km/h (120 mph)","2026","Undergoing upgrade","Turkey"
"75","11","Ankara–Sivas","Kayaş–Sivas","394 km (245 mi)","New","250 km/h (160 mph)","2023","Operational","Turkey"
"76","11","Bandırma–Bursa–Osmaneli line (in Turkish)","Bandırma–Bursa–Osmaneli","201 km (125 mi)","Partly new","200 km/h (120 mph)","2025–2028","Undergoing upgrade","Turkey"
"77","11","Istanbul–Kapıkule railway","Halkalı–Kapıkule","229 km (142 mi)","Partly new","200 km/h (120 mph)","2025–2028","Undergoing upgrade","Turkey"
"78","11","Mersin–Adana–Gaziantep railway","Mersin–Gaziantep","311 km (193 mi)","Upgraded","200 km/h (120 mph)","2027","Undergoing upgrade","Turkey"
"79","11","Polatlı–İzmir","Polatlı–Alsancak","505 km (314 mi)","New","250 km/h (160 mph)","2027","Under construction","Turkey"
"80","11","Yerköy–Kayseri railway (in Turkish)","Yerköy–Kayseri","142 km (88 mi)","New","250 km/h (160 mph)","2028","Under construction","Turkey"
"81","11","Kırıkkale–Çorum–Samsun[46]","Kırıkkale Delice–Samsun","293 km (182 mi)","New","250 km/h (160 mph)","2028","Under construction","Turkey"
"82","11","Sivas-Zara line (in Turkish)","Sivas-Zara","74 km (46 mi)","New","250 km/h (160 mph)","2028","Under construction","Turkey"
"83","12","Tashkent–Bukhara","Tashkent–Bukhara","600 km (370 mi)","New","250 km/h (160 mph)","2011","Operational","Uzbekistan"
"84","12","Bhukhara–Khiva","Bukhara-Khiva","465 km (289 mi)","New","250 km/h (160 mph)","2030","Under Construction","Uzbekistan"
"85","13","Western Railway","Vienna–Salzburg","243 km (151 mi)[bv]","Upgraded","230 km/h (140 mph)","1990–2018","Operational","Austria"
"86","13","New Lower Inn Valley Railway","Kundl–Baumkirchen","40.2 km (25.0 mi)","New","220 km/h (140 mph)","2012","Operational","Austria"
"87","13","New Lower Inn Valley Railway","Brannenburg-Kundl","25 km (16 mi)","New","250 km/h (160 mph)","TBD","Under construction","Austria"
"88","13","Koralm Railway","Graz–Klagenfurt","127 km (79 mi)","New","250 km/h (160 mph)","2025","Operational","Austria"
"89","13","Marchegger eastern railway [de]","Vienna–Slovenia border","38 km (24 mi)","Upgraded","200 km/h (120 mph)","2026","Undergoing upgrade","Austria"
"90","13","Pottendorfer Line [de]","Vienna–Wiener Neustadt","47 km (29 mi)","Upgraded","200 km/h (120 mph)","2029[47]","Undergoing upgrade","Austria"
"91","13","Semmering Base Tunnel","Gloggnitz–Mürzzuschlag","27.3 km (17.0 mi)","New","230 km/h (140 mph)","2030","Under construction","Austria"
"92","13","North railway line","Gänserndorf–Břeclav","47 km (29 mi)","Upgraded","200 km/h (120 mph)","2030","Undergoing upgrade","Austria"
"93","13","Brenner Base Tunnel","Innsbruck–Italy border","46 km (29 mi)","New","250 km/h (160 mph)","2032","Under construction","Austria"
"94","14","Rail Baltica","Tallinn–Vilnius","870 km (540 mi)","New","234 km/h (145 mph)","2028[bw]–2030[bx]–2032[by]","Under construction","Baltic_States"
"95","15","HSL 1","LGV Nord–Bruxelles-Sud","88 km (55 mi)","New","300 km/h (190 mph)","1997","Operational","Belgium"
"96","15","HSL 2+line 36N","Leuven–Liège-Guillemins","66 km (41 mi)","New","300 km/h (190 mph)","2002","Operational","Belgium"
"97","15","HSL 2+line 36N","Leuven–Bruxelles-Nord","28.8 km (17.9 mi)","Partly new","200 km/h (120 mph)","2003–2006","Operational","Belgium"
"98","15","HSL 3","Liège-Guillemins–Cologne-Aachen","42 km (26 mi)","New","260 km/h (160 mph)","2009","Operational","Belgium"
"99","15","HSL 4","Antwerpen-Centraal–HSL Zuid","36 km (22 mi)","New","300 km/h (190 mph)","2009","Operational","Belgium"
"100","15","Belgian railway line 50A","Brussels–Denderleeuw; Gent–Brugge","57.9 km (36.0 mi)","Upgraded","200 km/h (120 mph)","TBD","Undergoing upgrade","Belgium"
"101","15","Diabolo project","N/A (connecting line)","3 km (1.9 mi)","Upgraded","200 km/h (120 mph)","TBD","Undergoing upgrade","Belgium"
"102","16","Line 001","Prague-Poříčany","30 km (19 mi)","Upgraded","320 km/h (200 mph)","TBD","Undergoing upgrade","Czech_Republic"
"103","16","Line 001","Přerov – Ostrava","25.594 km (15.903 mi)","Upgraded","320 km/h (200 mph)","TBD","Undergoing upgrade","Czech_Republic"
"104","16","Line 002","Brno-Vranovice","83.796 km (52.068 mi)","Upgraded","200 km/h (120 mph)","TBD","Undergoing upgrade","Czech_Republic"
"105","17","Øresund Line","Copenhagen Central–Swedish border","10 km (6.2 mi)[bz]","New","200 km/h (120 mph)","2000","Operational","Denmark"
"106","17","Copenhagen–Ringsted Line","Copenhagen central–Ringsted","60 km (37 mi)","New","200 km/h (120 mph)","2019","Operational","Denmark"
"107","17","Copenhagen–Fredericia/Taulov Line","Ringsted–Odense","96.4 km (59.9 mi)[bz]","New","200 km/h (120 mph)","2029","Undergoing upgrade","Denmark"
"108","17","Fehmarn Belt fixed link","Ringsted–Rødby","8.3 km (5.2 mi)[bz]","New","200 km/h (120 mph)","2028","Under construction","Denmark"
"109","17","Vestfyn Line","Odense–Middelfart","35 km (22 mi)[bz]","New","250 km/h (160 mph)","2028","Under construction","Denmark"
"110","18","Kerava–Lahti railway","Kerava–Lahti","75.7 km (47.0 mi)","New","220 km/h (140 mph)","2006","Operational","Finland"
"111","18","Rantarata","Helsinki central–Turku Harbour","63 km (39 mi)[ca]","Upgraded","200 km/h (120 mph)","1995","Operational","Finland"
"112","18","Helsinki–Riihimäki Railway","Helsinki central–Riihimäki","71.4 km (44.4 mi)","Upgraded","200 km/h (120 mph)","1995","Operational","Finland"
"113","18","Riihimäki–Tampere railway","Riihimäki–Tampere","116 km (72 mi)","Upgraded","200 km/h (120 mph)","1995","Operational","Finland"
"114","18","Tampere–Seinäjoki railway","Lielax–Seinäjoki","156 km (97 mi)","Upgraded","200 km/h (120 mph)","2008[48]","Operational","Finland"
"115","18","Oulu Main Line","Seinäjoki–Lapua","23 km (14 mi)","Upgraded","200 km/h (120 mph)","2017","Operational","Finland"
"116","18","Oulu Main Line","Lapua–Kokkola[49]","110 km (68 mi)","Upgraded","200 km/h (120 mph)","2011","Operational","Finland"
"117","18","Oulu Main Line","Kokkola–Ylivieska","79 km (49 mi)","Upgraded","200 km/h (120 mph)","2018","Operational","Finland"
"118","18","Oulu Main Line","Ylivieska–Liminka","123 km (76 mi)","Upgraded","200 km/h (120 mph)","2015[50]","Operational","Finland"
"119","18","Savonia railway","Kinni-Otava","45 km (28 mi)[cb]","Upgraded","200 km/h (120 mph)","2006[51]","Operational","Finland"
"120","18","Riihimäki–Saint Petersburg railway","Riihimäki–Russian border","120 km (75 mi)[cc]","Upgraded","200 km/h (120 mph)","2010[cd]-2013[ce]","Operational","Finland"
"121","18","Helsinki–Turku high-speed railway","?","?","New?","300 km/h (190 mph)","2031","Approved","Finland"
"122","19","Orléans–Montauban railway","Orléans–Vierzon","70.399 km (43.744 mi)[52]","Upgraded","200 km/h (120 mph)","1967[cf]","Operational","France"
"123","19","Paris–Bordeaux railway","Paris-Austerlitz–Bordeaux-Saint-Jean","331.08 km (205.72 mi)[53]","Upgraded","220 km/h (140 mph)","1973","Operational","France"
"124","19","LGV Sud-Est","Paris Gare de Lyon, Paris–Gare de la Part-Dieu, Lyon","409 km (254 mi)","New","300 km/h (190 mph)","1981[cg]-1983[ch]","Operational","France"
"125","19","LGV Atlantique","Gare Montparnasse, Paris–Le Mans/Tours","284 km (176 mi)","New","300 km/h (190 mph)","1989","Operational","France"
"126","19","Mantes-la-Jolie–Cherbourg railway","Mantes–Cherbourg","85.267 km (52.982 mi)[54]","Upgraded","200 km/h (120 mph)","1989","Operational","France"
"127","19","Paris–Brest railway","Paris-Montparnasse–Brest","47.8 km (29.7 mi)[ci]","Upgraded","220 km/h (140 mph)[55]","1989[cj]","Operational","France"
"128","19","Strasbourg–Basel railway","Strasbourg–Basel[ck]","141.3 km (87.8 mi)[56]","Upgraded","220 km/h (140 mph)","1990","Operational","France"
"129","19","Le Mans–Angers railway","Le Mans–Angers-Saint-Laud","73.8 km (45.9 mi)[57]","Upgraded","220 km/h (140 mph)","Unknown","Operational","France"
"130","19","Tours–Saint-Nazaire railway","Tours–Nantes","80.6 km (50.1 mi)[58]","Upgraded","220 km/h (140 mph)","Unknown","Operational","France"
"131","19","Savenay–Landerneau railway","Savenay–Quimper","42 km (26 mi)[59]","Upgraded","220 km/h (140 mph)","Unknown[cl]","Operational","France"
"132","19","LGV Rhône-Alpes","Lyon-Saint-Exupéry–Valence","115 km (71 mi)","New","300 km/h (190 mph)","1992","Operational","France"
"133","19","LGV Nord","Channel Tunnel–Gare du Nord, Paris","333 km (207 mi)","New","300 km/h (190 mph)","1993","Operational","France"
"134","19","LGV Interconnexion Est","Aéroport Charles de Gaulle, Paris–Marne-la-Vallée–Chessy, Paris","90 km (56 mi)","New","270 km/h (170 mph)[60]","1994","Operational","France"
"135","19","LGV Méditerranée","Avignon–Marseille-Saint-Charles","216 km (134 mi)","New","320 km/h (200 mph)","2001","Operational","France"
"136","19","LGV Est","Gare de l'Est, Paris–Lorraine, Louvigny","406 km (252 mi)","New","320 km/h (200 mph)","2007[cm]-2016[cn]","Operational","France"
"137","19","LGV Rhin-Rhône","Besançon Franche-Comté, Les Auxons–Belfort – Montbéliard, Paris","140 km (87 mi)","New","320 km/h (200 mph)","2011","Operational","France"
"138","19","Perpignan–Barcelona HSR","Montpellier Sud–Perthus Tunnel","17.1 km (10.6 mi)","New","300 km/h (190 mph)","2013","Operational","France"
"139","19","LGV Sud Europe Atlantique","Poitiers–Bordeaux-Saint-Jean","340 km (210 mi)","New","320 km/h (200 mph)","2017","Operational","France"
"140","19","LGV Bretagne-Pays de la Loire","Sablé-sur-Sarthe–Rennes","214 km (133 mi)","New","320 km/h (200 mph)","2017","Operational","France"
"141","19","Contournement Nîmes – Montpellier","Nîmes-Pont-du-Gard–Montpellier Sud","80 km (50 mi)","New","220 km/h (140 mph)","2018","Operational","France"
"142","19","Lyon–Turin HSR","Lyon-Saint-Exupéry–Mont d'Ambin Base Tunnel","150 km (93 mi)","New","220 km/h (140 mph)","2032","Under construction","France"
"143","19","LGV Bordeaux–Toulouse","Bordeaux-Saint-Jean–Toulouse","222 km (138 mi)","New","320 km/h (200 mph)","2032","Under construction","France"
"144","20","Berlin–Hamburg Railway","Berlin–Hamburg","284.1 km (176.5 mi)","Upgraded","230 km/h (140 mph)","1931","Operational","Germany"
"145","20","Wanne-Eickel–Hamburg railway","Hamburg–Wanne-Eickel","355 km (221 mi)","Upgraded","200 km/h (120 mph)","1978","Operational","Germany"
"146","20","Augsburg–Nördlingen railway","Augsburg-Donauwörth","36.5 km (22.7 mi)","Upgraded","200 km/h (120 mph)","1978-1981","Operational","Germany"
"147","20","Cologne–Duisburg railway","Cologne–Duisburg","64 km (40 mi)","Upgraded","200 km/h (120 mph)","1980s","Operational","Germany"
"148","20","Hamm–Minden railway","Hamm–Minden","112 km (70 mi)","Upgraded","200 km/h (120 mph)","1980","Operational","Germany"
"149","20","Würzburg–Aschaffenburg railway","Würzburg–Aschaffenburg","89.3 km (55.5 mi)","Upgraded","200 km/h (120 mph)","1982","Operational","Germany"
"150","20","Hanover–Minden railway","Hannover–Minden","64.4 km (40.0 mi)","Upgraded","200 km/h (120 mph)","1984","Operational","Germany"
"151","20","Dortmund–Hamm railway","Dortmund–Hamm","31 km (19 mi)","Upgraded","200 km/h (120 mph)","1986","Operational","Germany"
"152","20","Hanover–Hamburg railway","Hannover–Hamburg","355.3 km (220.8 mi)","Upgraded","200 km/h (120 mph)","1987","Operational","Germany"
"153","20","Waghäusel Saalbach–Graben-Neudorf railway","NA (Connecting link)","7.94 km (4.93 mi)","Upgraded","200 km/h (120 mph)","1988","Operational","Germany"
"154","20","Hanover–Würzburg","Hanover–Würzburg","327 km (203 mi)","New","250 km/h (160 mph)[co]","1991","Operational","Germany"
"155","20","Mannheim–Stuttgart","Mannheim–Stuttgart","99 km (62 mi)","New","250 km/h (160 mph)[cp]","1991","Operational","Germany"
"156","20","Rhine Railway","Mannheim–Rastatt","99 km (62 mi)","Upgraded","200 km/h (120 mph)","1991","Operational","Germany"
"157","20","Ulm–Augsburg railway (old line)","Augsburg-Oberhausen–Dinkelscherben","25.8 km (16.0 mi)","Upgraded","200 km/h (120 mph)","1992","Operational","Germany"
"158","20","Frankfurt–Göttingen railway","Hanau–Hailer-Meerholz","19 km (12 mi)[cq]","Upgraded","200 km/h (120 mph)[cr]","1993","Operational","Germany"
"159","20","Hanover–Berlin","Hannover–Berlin","258 km (160 mi)","New","280 km/h (170 mph)[cs]","1998","Operational","Germany"
"160","20","Nuremberg–Würzburg railway","Nuremberg–Würzburg","102.2 km (63.5 mi)","Upgraded","200 km/h (120 mph)","1999","Operational","Germany"
"161","20","Mannheim–Frankfurt railway","Mannheim–Frankfurt","74.8 km (46.5 mi)","Upgraded","200 km/h (120 mph)","1999","Operational","Germany"
"162","20","Cologne–Frankfurt","Cologne–Frankfurt","180 km (110 mi)","New","300 km/h (190 mph)","2002","Operational","Germany"
"163","20","Cologne–Aachen","Cologne–Düren","39.2 km (24.4 mi)","Upgraded","250 km/h (160 mph)","2002","Operational","Germany"
"164","20","Cologne–Aachen","Düren-Eschweiler Hbf","17.7 km (11.0 mi)","Upgraded","200 km/h (120 mph)","2030","Undergoing upgrade","Germany"
"165","20","Berlin–Halle railway","Berlin–Halle","161.6 km (100.4 mi)","Upgraded","200 km/h (120 mph)","2006","Operational","Germany"
"166","20","Trebnitz–Leipzig railway","Bk–Leipzig","81.2 km (50.5 mi)","Upgraded","200 km/h (120 mph)","2006","Operational","Germany"
"167","20","Nuremberg–Ingolstadt","Nuremberg–Ingolstadt","77.5 km (48.2 mi)","New","300 km/h (190 mph)","2006–2013","Operational","Germany"
"168","20","Hamm–Warburg railway","Hamm–Warburg","131 km (81 mi)","Upgraded","200 km/h (120 mph)","2007","Operational","Germany"
"169","20","Munich–Augsburg railway","Munich–Augsburg","61.9 km (38.5 mi)","Upgraded","230 km/h (140 mph)","2011[ct]","Operational","Germany"
"170","20","Leipzig–Dresden railway","Leipzig–Riesa","60 km (37 mi)[cu]","Upgraded","200 km/h (120 mph)","2014","Operational","Germany"
"171","20","Leipzig–Dresden railway","Dresden–Riesa","54 km (34 mi)[cv]","Upgraded","200 km/h (120 mph)","2030[61]","Undergoing upgrade","Germany"
"172","20","Erfurt–Leipzig/Halle","Erfurt–Leipzig/Halle","123 km (76 mi)","New","300 km/h (190 mph)","2015","Operational","Germany"
"173","20","Nuremberg–Erfurt","Ebensfeld–Erfurt","107 km (66 mi)","New","300 km/h (190 mph)","2017","Operational","Germany"
"174","20","Nuremberg–Erfurt","Ebensfeld–Eltersdorf","83 km (52 mi)","Upgraded","230 km/h (140 mph)","2030","Undergoing upgrade[61]","Germany"
"175","20","Wendlingen–Ulm","Wendlingen–Ulm","59.5 km (37.0 mi)","New","250 km/h (160 mph)","2022","Operational","Germany"
"176","20","Stuttgart–Wendlingen","Stuttgart–Wendlingen","25 km (16 mi)","New","250 km/h (160 mph)","2026","Under construction","Germany"
"177","20","Mannheim–Saarbrücken railway","St. Ingbert–Ludwigshafen","82 km (51 mi)","Upgraded","200 km/h (120 mph)","2028[61]","Undergoing upgrade","Germany"
"178","20","Lübeck–Puttgarden railway","Lübeck–Puttgarden","88.6 km (55.1 mi)","Partly new","200 km/h (120 mph)","2030[61]","Undergoing upgrade","Germany"
"179","20","Berlin–Dresden railway","Berlin Südkreuz–Dresden HBF","174.2 km (108.2 mi)","Upgraded","230 km/h (140 mph)","2030[61]","Undergoing upgrade","Germany"
"180","20","Karlsruhe–Basel","Karlsruhe–Basel","182 km (113 mi)","New","250 km/h (160 mph)","2031","Under construction","Germany"
"181","21","P.A.Th.E./P.","Bulgarian border[cw]–Thessaloniki–Larissa–Athens–Corinth–Patras","160 km (99 mi)[cx]","Partly new","200 km/h (120 mph)","2022","Mostly operational","Greece"
"182","22","Florence–Rome","Firenze Santa Maria Novella, Florence–Roma Termini","254 km (158 mi)","New","250 km/h (160 mph)","1992","Operational","Italy"
"183","22","Turin–Milan","Torino Porta Susa, Turin–Milano Centrale","148.3 km (92.1 mi)","New","300 km/h (190 mph)","2006","Operational","Italy"
"184","22","Milan–Venice railway","Padua–Venice","25 km (16 mi)[cy]","Upgraded","220 km/h (140 mph)","2007","Operational","Italy"
"185","22","Milan–Venice railway","Treviglio-Brescia","39.6 km (24.6 mi)[cz]","New","250 km/h (160 mph)","2016","Operational","Italy"
"186","22","Milan–Venice railway","Brescia - Verona","45.4 km (28.2 mi)","New","250 km/h (160 mph)","2026","Under construction","Italy"
"187","22","Milan–Venice railway","Verona-Padua","80 km (50 mi)","New","250 km/h (160 mph)","2029-2032","Under construction","Italy"
"188","22","Milan–Bologna","Milano Centrale–Bologna Centrale","214.6 km (133.3 mi)","New","300 km/h (190 mph)","2008","Operational","Italy"
"189","22","Naples–Salerno","Napoli Afragola–Salerno","29 km (18 mi)","New","250 km/h (160 mph)","2008","Operational","Italy"
"190","22","Verona–Bologna railway","Verona–Bologna Centrale","115 km (71 mi)","Upgraded","200 km/h (120 mph)","2009","Operational","Italy"
"191","22","Rome–Naples","Roma Termini–Napoli Centrale","204.6 km (127.1 mi)","New","300 km/h (190 mph)","2009","Operational","Italy"
"192","22","Bologna–Ancona railway","Bologna–Ancona","153 km (95 mi)[da]","Upgraded","200 km/h (120 mph)","2015","Operational","Italy"
"193","22","Adriatic railway","Brindisi–Lecce","38.364 km (23.838 mi)","Upgraded","200 km/h (120 mph)","2018","Operational","Italy"
"194","22","Adriatic railway","Pescara–Termoli","89.468 km (55.593 mi)","Upgraded","200 km/h (120 mph)","2026","Undergoing upgrade","Italy"
"195","22","Pisa–Rome railway","Cecina–Castagneto Carducci-Donoratico; Orbetello–Follonica","91 km (57 mi)","Upgraded","200 km/h (120 mph)","?","Operational","Italy"
"196","22","Milan–Verona","Milano Lambrate–Verona Porta Nuova","165 km (103 mi)","New","300 km/h (190 mph)","2023","Partly operational[db]","Italy"
"197","22","Tortona–Genoa","Genoa–Tortona","53 km (33 mi)","New","250 km/h (160 mph)","2026","Under construction","Italy"
"198","22","Naples–Bari[62]","Naples–Bari","147 km (91 mi)","New","250 km/h (160 mph)","2027","Under construction","Italy"
"199","22","Salerno–Reggio di Calabria railway","Battipaglia–Romagnano","35 km (22 mi)","Partly new","300 km/h (190 mph)","2030","Under construction","Italy"
"200","22","Alessandria–Piacenza railway","Tortona–Voghera","16 km (9.9 mi)[dc]","Upgraded","200 km/h (120 mph)","2026","Undergoing upgrade","Italy"
"201","22","Palermo–Catania–Messina high-speed railway","Palermo–Catania–Messina","67 km (42 mi)","New","250 km/h (160 mph)","2029","Under construction","Italy"
"202","22","Genoa–Ventimiglia railway","Andora–Finale Ligure","32 km (20 mi)","Upgraded","200 km/h (120 mph)","2030","Undergoing upgrade","Italy"
"203","22","Brenner Base Tunnel+Verona-Brenner railway","Austrian border–Tunnel's south portal–Verona","198 km (123 mi)","Partly new","250 km/h (160 mph)","2032","Under construction","Italy"
"204","22","Turin–Lyon high-speed railway","Turin–French border","57 km (35 mi)","New","220 km/h (140 mph)","2032","Under construction","Italy"
"205","22","Venice–Trieste railway","Venice–Trieste","153 km (95 mi)","Upgraded","200 km/h (120 mph)","TBD","Undergoing upgrade","Italy"
"206","22","Ionian Railway","Taranto-Metaponto","43.2 km (26.8 mi)","Upgraded","200 km/h (120 mph)","TBD","Undergoing upgrade","Italy"
"207","23","HSL-Zuid","Amsterdam Centraal–Belgian border","125 km (78 mi)","New","300 km/h (190 mph)","2009","Operational","Netherlands"
"208","23","Lelystad–Zwolle railway","Lelystad Centrum–Zwolle","50 km (31 mi)","New","200 km/h (120 mph)[dd]","2012","Operational","Netherlands"
"209","24","Gardermoen Line","Oslo–Eidsvoll","64 km (40 mi)","New","210 km/h (130 mph)","1998","Operational","Norway"
"210","24","Dovre Line","Langset-Kleverud","17 km (11 mi) (of 484 km (301 mi))","New","200 km/h (120 mph)","2015","Operational","Norway"
"211","24","Dovre Line","Eidsvoll-Hamar(-Trondheim)[de]","41 km (25 mi) (of 484 km (301 mi))","Upgraded","200 km/h (120 mph)","2027","Undergoing upgrade","Norway"
"212","24","Dovre Line","Hamar-Brumunddal-Lillehammer","55 km (34 mi)","Partly new","250 km/h (160 mph)","2030[df]-2035[dg]","Undergoing upgrade and construction","Norway"
"213","24","Vestfold Line","Farriseidet–Porsgrunn","23.5 km (14.6 mi)","Upgraded","200 km/h (120 mph)","2018","Operational","Norway"
"214","24","Vestfold Line","Drammen–Kobbervikdalen","9 km (5.6 mi)","Partly new","200 km/h (120 mph)","2025","Under construction","Norway"
"215","24","Vestfold Line","Kobbervikdalen–Holm","24.7 km (15.3 mi)","Partly new","200 km/h (120 mph)","2001–2002","Operational","Norway"
"216","24","Vestfold Line","Nykirke – Holm","14.1 km (8.8 mi)","New","200 km/h (120 mph)","2016","Operational","Norway"
"217","24","Vestfold Line","Nykirke – Barkåker","13.6 km (8.5 mi)","New","250 km/h (160 mph)","2026","Under construction","Norway"
"218","24","Vestfold Line","Tønsberg – Barkåker","7.7 km (4.8 mi)","New","200 km/h (120 mph)","2011","Operational","Norway"
"219","24","Vestfold Line","Tønsberg–Larvik[63]","40 km (25 mi)","New","200 km/h (120 mph)","2032","Under construction","Norway"
"220","24","Follo Line","Oslo–Ski","22 km (14 mi)","New","200 km/h (120 mph)","2022","Operational","Norway"
"221","24","Østfold Line","Ski–Fredrikstad","50 km (31 mi)[64]","Partly new","250 km/h (160 mph)","2029","Undergoing upgrade and construction","Norway"
"222","25","Warsaw–Gdańsk railway","Warszawa Wschodnia–Gdańsk Główny","150 km (93 mi)[65]","Upgraded","200 km/h (120 mph)","2014–2020","Operational","Poland"
"223","25","Grodzisk Mazowiecki–Zawiercie railway","Grodzisk Mazowiecki–Zawiercie","135.047 km (83.914 mi)[66]","Upgraded","200 km/h (120 mph)","1977[dh]–2011","Operational","Poland"
"224","25","Warsaw-Białystok railway","Warszawa Wschodnia–Białystok","224.1 km (139.2 mi)","Upgraded","250 km/h (160 mph)","2030[67]","Undergoing upgrade","Poland"
"225","25","Y-line","Warsaw–Lodz–Wroclaw/Poznan","140 km (87 mi)[di]","New","350 km/h (220 mph)","2032?","Approved","Poland"
"226","26","Linha do Norte","Santa Apolónia, Lisbon–Campanhã, Porto","332 km (206 mi)[68]","Upgraded","220 km/h (140 mph)","1999","Operational","Portugal"
"227","26","Linha do Norte","Santa Apolónia, Lisbon–Braga","389 km (242 mi)[68]","Upgraded","220 km/h (140 mph)","-","Operational","Portugal"
"228","26","Linha do Norte e Linha do Sul","Campanhã, Porto–Faro","627 km (390 mi)[68]","Upgraded","220 km/h (140 mph)","-","Operational","Portugal"
"229","26","Linha do Sul","Campolide, Lisbon–Tunes, Silves","273.6 km (170.0 mi)[69]","Upgraded","220 km/h (140 mph)","2004","Operational","Portugal"
"230","26","Linha de Évora","Casa Branca–Évora","26.164 km (16.258 mi)","Upgraded","200 km/h (120 mph)","2010","Operational","Portugal"
"231","26","Porto–Lisbon high-speed rail line","Porto-Campanhã – Lisbon-Santa Apolónia","290 km (180 mi)","New","300 km/h (190 mph)","2030","Under construction","Portugal"
"232","26","Porto–Vigo high-speed rail line","Porto – Vigo on Galicia, Spain borders","155.6 km (96.7 mi)","New","250 km/h (160 mph)","2032","Under construction","Portugal"
"233","26","Lisbon–Madrid high-speed rail line","Lisbon – Madrid on Extremadura, Spain borders","644 km (400 mi)","New","300 km/h (190 mph)","2030","Under construction","Portugal"
"234","27","Saint Petersburg–Moscow railway","Moscow Leningradsky–Moskovsky (Saint Petersburg)","650 km (400 mi)","Upgraded","250 km/h (160 mph)","1984","Operational","Russia"
"235","27","Moscow–Saint Petersburg HSR","Moscow–Saint Petersburg","679 km (422 mi)","New","360 km/h (220 mph)","2029","Under construction","Russia"
"236","27","Riihimäki–Saint Petersburg railway","Finnish border–St. Petersburg","197 km (122 mi)","Upgraded","200 km/h (120 mph)","2013","Service discontinued","Russia"
"237","28","Budapest–Belgrade railway","Hungarian border–Belgrade","150 km (93 mi)","Upgraded","200 km/h (120 mph)","2025","Operational","Serbia"
"238","28","Belgrade - Niš","Belgrade–Niš","228 km (142 mi)","Upgraded","200 km/h (120 mph)","2026","Undergoing upgrade","Serbia"
"239","29","Madrid–Seville","Madrid Atocha–Seville–Santa Justa","471.8 km (293.2 mi)","New","300 km/h (190 mph)","1992","Operational","Spain"
"240","29","Madrid–Levante","Madrid Atocha–Valencia-Joaquín Sorolla/Alicante","603 km (375 mi)","New","300 km/h (190 mph)","1997–2010–2022","Operational","Spain"
"241","29","Madrid–Barcelona","Madrid Atocha–Barcelona Sants","620.9 km (385.8 mi)","New","300 km/h (190 mph)[dj]","2003–2008","Operational","Spain"
"242","29","Zaragoza-Huesca branch of Madrid–Barcelona high-speed rail line","Zaragoza–Huesca","57 km (35 mi)","New","200 km/h (120 mph)","2005","Operational","Spain"
"243","29","Madrid–Toledo","Madrid Atocha–Toledo","74 km (46 mi)","New","300 km/h (190 mph)","2005","Operational","Spain"
"244","29","Madrid–Málaga","Cordoba–Málaga María Zambrano","154.5 km (96.0 mi)","New","300 km/h (190 mph)","2007","Operational","Spain"
"245","29","Madrid–Galicia","Madrid Chamartín–Santiago de Compostela","415.7 km (258.3 mi)","New","300 km/h (190 mph)","2011–2021","Operational","Spain"
"246","29","Perpignan–Barcelona","Perpignan–Barcelona Sants","175.5 km (109.1 mi)[dk]","New","300 km/h (190 mph)","2013","Operational","Spain"
"247","29","Seville–Cádiz railway","Seville–Santa Justa–Cádiz","158.1 km (98.2 mi)","Upgraded","220 km/h (140 mph)","2015","Operational","Spain"
"248","29","Atlantic Axis","A Coruña–Vigo-Urzáiz","155.6 km (96.7 mi)","New","200 km/h (120 mph)","2015","Operational","Spain"
"249","29","Madrid–Asturias","Madrid Chamartín–Lena, Asturias","342.3 km (212.7 mi)","New","300 km/h (190 mph)","2015–2023","Operational","Spain"
"250","29","Valencia−Sant Vicenç de Calders railway","Estació del Nord, Valencia–Sant Vicenç de Calders, El Vendrell","238 km (148 mi)","Upgraded","220 km/h (140 mph)","2018","Operational","Spain"
"251","29","Andalusian Corridor","Antequera-Santa Ana–Granada","125.7 km (78.1 mi)","New","300 km/h (190 mph)","2019","Operational","Spain"
"252","29","Andalusian Corridor","Antequera-Santa Ana-Cadiz","146 km (91 mi)","partly new","300 km/h (190 mph)","2030","Under construction","Spain"
"253","29","Andalusian Corridor","Granada–Almería","75 km (47 mi)","New","300 km/h (190 mph)","2030","Under construction","Spain"
"254","29","Alcázar de San Juan–Jaén","Grañena–Jaén","16.7 km (10.4 mi)","Partly new","200 km/h (120 mph)","2020","Operational","Spain"
"255","29","Alcázar de San Juan–Jaén","Alcázar de San Juan–Mora","67.5 km (41.9 mi)","Partly new","300 km/h (190 mph)","TBD","Under construction","Spain"
"256","29","Madrid–Extremadura high-speed rail line","Badajoz–Plasencia","192.6 km (119.7 mi)","Partly new","200 km/h (120 mph)","2022","Operational","Spain"
"257","29","Madrid–Extremadura high-speed rail line","Plasencia–Talayuela (Oropesa)","68.6 km (42.6 mi)","Partly new","250 km/h (160 mph)","2025","Under construction","Spain"
"258","29","Madrid–Extremadura high-speed rail line","Oropesa–Toledo","127 km (79 mi)","Partly new","200 km/h (120 mph)","2030","Under construction","Spain"
"259","29","LAV Venta de Baños-Burgos-Vitoria [es]","Venta de Baños-Burgos","86 km (53 mi)","New","300 km/h (190 mph)","2022","Operational","Spain"
"260","29","LAV Venta de Baños-Burgos-Vitoria [es]","Burgos - Miranda de Ebro - Vitoria","51.8 km (32.2 mi)","New","300 km/h (190 mph)","2028","Under construction","Spain"
"261","29","LAV Palencia–Santander [es]","Palencia–Alar del Rey","78.4 km (48.7 mi)","New","350 km/h (220 mph)","TBD","Under construction","Spain"
"262","29","LAV Palencia–Santander [es]","Alar del Rey–Reinosa","44.4 km (27.6 mi)","New","350 km/h (220 mph)","TBD","Under construction","Spain"
"263","29","Murcia–Almería","Murcia del Carmen–Almería","184 km (114 mi)","New","300 km/h (190 mph)","2026","Under construction","Spain"
"264","29","Two Seas corridor","Castejon–Pamplona","150 km (93 mi)","New","300 km/h (190 mph)","2027","Under construction","Spain"
"265","29","Two Seas corridor","Zaragoza–Castejon","150 km (93 mi)","New","300 km/h (190 mph)","2033","Under construction","Spain"
"266","29","Basque Y","Bilbao–Vitoria-Gasteiz/San Sebastián","172 km (107 mi)","New","220 km/h (140 mph)","2027","Under construction","Spain"
"267","30","Southern Main Line","Malmö–Katrineholm","336 km (209 mi)[dl]","Upgraded","200 km/h (120 mph)","1990","Operational","Sweden"
"268","30","Western Main Line","Stockholm–Gothenburg","312 km (194 mi)[dm]","Upgraded","200 km/h (120 mph)","1995","Operational","Sweden"
"269","30","West Coast Line","Lund–Gothenburg","232 km (144 mi)[dn]","Upgraded, partly new","200 km/h (120 mph)","1985–2023","Operational","Sweden"
"270","30","East Coast Line","Stockholm–Gävle","142 km (88 mi)[do]","Upgraded, partly new","200 km/h (120 mph)","1997–2017","Operational","Sweden"
"271","30","East Coast Line","Söderhamn–Enånger","105 km (65 mi)","Partly new","200 km/h (120 mph)","1999","Operational","Sweden"
"272","30","East Coast Line","Enånger–Sundsvall and Gävle north bypass","210 km (130 mi)","Partly new","200 km/h (120 mph)","2030[dp]–2040","Under construction","Sweden"
"273","30","Ådalen Line","Kramfors–Härnösand","30 km (19 mi)[dq]","Partly new","200 km/h (120 mph)","2012","Operational","Sweden"
"274","30","Svealand Line","Södertälje South–Folkesta","86 km (53 mi)","New","200 km/h (120 mph)","1997","Operational","Sweden"
"275","30","Mälaren Line","Solhem-Västerås; Harksta–Kolbäck; Arboga–Hovsta","155 km (96 mi)","Upgraded, partly new","200 km/h (120 mph)","2005","Operational","Sweden"
"276","30","Bothnia Line","Höga Kusten Airport–Umeå","190 km (120 mi)","New","250 km/h (160 mph)[dr]","2010","Operational","Sweden"
"277","30","Norway/Vänern Line","Gothenburg–Öxnered","80 km (50 mi)","Upgraded, partly new","200 km/h (120 mph)","2012","Operational","Sweden"
"278","30","Haparanda Line","Kalix–Haparanda","43 km (27 mi)","Partly new","250 km/h (160 mph)[dr]","2012","Operational","Sweden"
"279","30","North Bothnia Line","Umeå–Luleå","270 km (170 mi)","New","250 km/h (160 mph)","2026–2038+","Under construction","Sweden"
"280","30","The East Link","Järna–Linköping","160 km (99 mi)","New","250 km/h (160 mph)","2035","Under construction","Sweden"
"281","30","Gothenburg–Borås Double Tracks","Gothenburg–Borås","60 km (37 mi)","New","250 km/h (160 mph)","2039–2041[70]","","Sweden"
"282","30","Hässleholm–Lund Quad Tracks","Hässleholm–Lund","60 km (37 mi)","New","250 km/h (160 mph)","≈2040[71][72]","","Sweden"
"283","30","Stockholm–Uppsala Quad Tracks","Stockholm–Uppsala","?","New?","250 km/h (160 mph)?","≈2040?","","Sweden"
"284","31","Solothurn–Wanzwil railway","NA (Connecting line)","12 km (7.5 mi)","New","200 km/h (120 mph)","2004","Operational","Switzerland"
"285","31","Mattstetten–Rothrist new line","Olten–Bern","45 km (28 mi)","New","200 km/h (120 mph)","2007","Operational","Switzerland"
"286","31","Lötschberg Base Tunnel","NA (Connecting line)","34 km (21 mi)","New","250 km/h (160 mph)[ds]","2007","Operational","Switzerland"
"287","31","Gotthard Base Tunnel","NA (Connecting line)","57 km (35 mi)","New","200 km/h (120 mph)[dt]","2016","Operational","Switzerland"
"288","31","Ceneri Base Tunnel","NA (Connecting line)","15.4 km (9.6 mi)","New","200 km/h (120 mph)[du]","2020","Operational","Switzerland"
"289","31","Simplon Railway","Vallorbe–Domodossola","232.5 km (144.5 mi)","Upgraded","200 km/h (120 mph)","2030","Undergoing upgrade","Switzerland"
"290","32","Great Western Main Line","London Paddington–Bristol Temple Meads","190.2 km (118.2 mi)","Upgraded","201 km/h (125 mph)","1976[73]","Operational","United_Kingdom"
"291","32","South Wales Main Line","London Paddington–Pilning","34.5 km (21.4 mi)[dv]","Upgraded","201 km/h (125 mph)[dw]","1976","Operational","United_Kingdom"
"292","32","East Coast Main Line","London King's Cross–Edinburgh","552.7 km (343.4 mi)[dx]","Upgraded","201 km/h (125 mph)[dy]","1978","Operational","United_Kingdom"
"293","32","Cross Country Route","York–Bristol Temple Meads","56 km (35 mi)","Upgraded","201 km/h (125 mph)","1982","Operational","United_Kingdom"
"294","32","West Coast Main Line","Glasgow central–Euston, London","442 km (275 mi)[dz]","Upgraded","201 km/h (125 mph)","2005","Operational","United_Kingdom"
"295","32","High Speed 1","Fawkham Junction–Channel Tunnel","74 km (46 mi)","New","300 km/h (190 mph)[ea]","2003","Operational","United_Kingdom"
"296","32","High Speed 1","St Pancras, London–Ebbsfleet","39.4 km (24.5 mi)","New","230 km/h (140 mph)[eb]","2007","Operational","United_Kingdom"
"297","32","Midland Main Line","St Pancras, London / Derby / Nottingham / Chesterfield","100 km (62 mi)[ec]","Upgraded","201 km/h (125 mph)[ed]","2009","Operational","United_Kingdom"
"298","32","High Speed 2","Euston, London–Birmingham Curzon Street","230 km (140 mi)","New","360 km/h (220 mph)","Uncertain (originally 2033)","Under construction","United_Kingdom"
"299","32","High Speed 2","Crewe-Manchester","153 km (95 mi)","New","300 km/h (190 mph)[ee]","2040+","Suspended, revived as a private initiative","United_Kingdom"
"300","33","Northeast Corridor","Boston–Washington, D.C.","80.3 km (50 mi)[ef]","Upgraded","260 km/h (160 mph)","1969","Operational","United_States"
"301","33","Brightline","Orlando Airport–Cocoa","56.3 km (35 mi)[eg]","New[eh]","201 km/h (125 mph)[ei]","2023","Operational","United_States"
"302","33","California HSR","San Francisco–Los Angeles[ej]","275 km (171 mi)[ek]","New[el]","354 km/h (220 mph)[em]","2031–2033[en]","Under construction","United_States"
"303","33","Brightline West","Las Vegas–Los Angeles[eo]","351 km (218 mi)","New","322 km/h (200 mph)","2029","Under construction","United_States"
